-- phpMyAdmin SQL Dump
-- version 5.1.1
-- https://www.phpmyadmin.net/
--
-- Host: 127.0.0.1
-- Generation Time: Dec 22, 2021 at 05:47 AM
-- Server version: 10.4.21-MariaDB
-- PHP Version: 8.0.10

SET SQL_MODE = "NO_AUTO_VALUE_ON_ZERO";
START TRANSACTION;
SET time_zone = "+00:00";


/*!40101 SET @OLD_CHARACTER_SET_CLIENT=@@CHARACTER_SET_CLIENT */;
/*!40101 SET @OLD_CHARACTER_SET_RESULTS=@@CHARACTER_SET_RESULTS */;
/*!40101 SET @OLD_COLLATION_CONNECTION=@@COLLATION_CONNECTION */;
/*!40101 SET NAMES utf8mb4 */;

--
-- Database: `webtest`
--

-- --------------------------------------------------------

--
-- Table structure for table `binhluan`
--

CREATE TABLE `binhluan` (
  `idbl` int(11) NOT NULL,
  `noidung` text NOT NULL,
  `username` text NOT NULL,
  `idsp` int(11) NOT NULL
) ENGINE=InnoDB DEFAULT CHARSET=utf8mb4;

--
-- Dumping data for table `binhluan`
--

INSERT INTO `binhluan` (`idbl`, `noidung`, `username`, `idsp`) VALUES
(1, 'QUa tot', 'phuongnam', 1),
(3, 'Good', 'namnam', 1),
(4, 'Nice', 'phuongnam', 1),
(8, 'hello', 'phuongnam', 105),
(9, 'qua tot', 'phuongnam', 110),
(10, 'Bia cung xai tot', 'phuongnam', 2),
(11, 'Xai tot lam', 'phuongnam', 109),
(12, 'Very OK', 'phuongnam', 108),
(14, 'Xài tốt 10đ', 'namnam', 108),
(15, 'Giao hàng nhanh sản phẩm tốt', 'namnam', 2),
(16, 'Sản phẩm rất tốt', 'phuongnam', 86),
(17, 'Cũng tạm. Giao hàng nhanh', 'nguoidung', 86),
(18, 'Very Good but...', 'nngiabao', 86);


-- --------------------------------------------------------

--
-- Table structure for table `chitiethoadon`
--

CREATE TABLE `chitiethoadon` (
  `mahd` varchar(20) NOT NULL,
  `tensp` varchar(50) NOT NULL,
  `soluong` int(11) NOT NULL,
  `gia` int(11) NOT NULL,
  `phuongthucthanhtoan` int(11) NOT NULL,
  `id_hdct` int(10) NOT NULL
) ENGINE=InnoDB DEFAULT CHARSET=utf8;

--
-- Dumping data for table `chitiethoadon`
--

INSERT INTO `chitiethoadon` (`mahd`, `tensp`, `soluong`, `gia`, `phuongthucthanhtoan`, `id_hdct`) VALUES
('1', 'BÌA LÁ LỖ 6.5 DOUBLEA', 3, 10000, 1, 1),
('3', '123', 2, 2000, 1, 2),
('40', 'GÔM-CỤC TẨY', 1, 3000, 0, 14),
('42', 'KỆ MICA TRƯỢT 3 TẦNG XUKIVA 169-3', 1, 18900, 3, 15),
('42', 'KHAY DẤU HORSE', 1, 16000, 3, 16),
('42', 'GÔM-CỤC TẨY', 1, 3000, 3, 17),
('42', 'Mực in phun Brother', 1, 20000, 3, 18),
('43', 'Mực in phun Brother', 1, 20000, 3, 19),
('43', 'KHAY DẤU HORSE', 2, 16000, 3, 20),
('43', 'GÔM-CỤC TẨY', 1, 3000, 3, 21),
('43', 'GÔM-CỤC TẨY COMPRO', 4, 3000, 3, 22);

-- --------------------------------------------------------

--
-- Table structure for table `danhmuc`
--

CREATE TABLE `danhmuc` (
  `madm` int(11) NOT NULL,
  `tendm` varchar(50) NOT NULL,
  `dequi` int(11) NOT NULL
) ENGINE=InnoDB DEFAULT CHARSET=utf8;

--
-- Dumping data for table `danhmuc`
--

INSERT INTO `danhmuc` (`madm`, `tendm`, `dequi`) VALUES
(1, 'Sổ - Tập', 0),
(2, 'Bút Viết ', 0),
(3, 'Băng Keo - Keo', 0),
(4, 'Kẹp Giấy', 0),
(5, 'Thước Kẻ - Cục tẩy', 0),
(7, 'Khay hồ sơ', 1),
(11, 'Mực In', 1),
(20, 'Đồ Dùng Khác', 0);

-- --------------------------------------------------------

--
-- Table structure for table `hoadon`
--

CREATE TABLE `hoadon` (
  `mahd` int(11) NOT NULL,
  `idnd` int(11) NOT NULL,
  `hoten` varchar(50) NOT NULL,
  `diachi` varchar(255) NOT NULL,
  `dienthoai` int(11) NOT NULL,
  `email` varchar(255) NOT NULL,
  `ngaydathang` date NOT NULL,
  `trangthai` int(11) NOT NULL
) ENGINE=InnoDB DEFAULT CHARSET=utf8;

--
-- Dumping data for table `hoadon`
--

INSERT INTO `hoadon` (`mahd`, `idnd`, `hoten`, `diachi`, `dienthoai`, `email`, `ngaydathang`, `trangthai`) VALUES
(1, 15, 'LELE', '12 Hùng Vương', 123456789, 'kh@gmail.com', '2021-12-20', 0),
(2, 1, 'BaoBao', '123 Lê Văn Sỹ', 123456789, 'bao@gmail.com', '2021-12-20', 0),
(3, 15, 'Bao', '123 An Dương Vương', 123456789, 'baobao@gmail.com', '2021-12-20', 3),
(40, 15, 'nam2301', '312 Tran Quang Dieu', 123456789, 'nam2301@gmail.com', '2021-12-21', 2),
(42, 15, 'nam2301', '312 Tran Quang Dieu', 123456789, 'nam2301@gmail.com', '2021-12-21', 1),
(43, 15, 'nam2301', '312 Tran Quang Dieu', 123456789, 'nam2301@gmail.com', '2021-12-22', 1);

-- --------------------------------------------------------

--
-- Table structure for table `hotro`
--

CREATE TABLE `hotro` (
  `idht` int(11) NOT NULL,
  `chude` varchar(255) NOT NULL,
  `noidung` text NOT NULL,
  `hoten` varchar(50) NOT NULL,
  `dienthoai` int(11) NOT NULL,
  `email` varchar(255) NOT NULL,
  `ngaygui` date NOT NULL
) ENGINE=InnoDB DEFAULT CHARSET=utf8;

--
-- Dumping data for table `hotro`
--

INSERT INTO `hotro` (`idht`, `chude`, `noidung`, `hoten`, `dienthoai`, `email`, `ngaygui`) VALUES
(2, 'Điện thoại', 'Làm ăn uy tín, chất lượng. Cảm ơn website rất nhiều.', 'Nguyễn Thành Đạt', 978164307, 'thanhdat21293@gmail.com', '2021-05-20'),
(5, 'Cần giao hàng nhanh hơn', 'Giao hàng chậm nên giao hàng nhanh hơn', 'Phuongnam', 123456888, 'bena@gmail.com', '2021-12-21');

-- --------------------------------------------------------

--
-- Table structure for table `nguoidung`
--

CREATE TABLE `nguoidung` (
  `idnd` int(11) NOT NULL,
  `tennd` varchar(255) NOT NULL,
  `username` varchar(50) NOT NULL,
  `password` varchar(50) NOT NULL,
  `ngaysinh` date NOT NULL,
  `gioitinh` varchar(10) NOT NULL,
  `email` varchar(255) NOT NULL,
  `dienthoai` int(11) NOT NULL,
  `diachi` varchar(255) NOT NULL,
  `ngaydangky` date NOT NULL,
  `phanquyen` int(11) NOT NULL
) ENGINE=InnoDB DEFAULT CHARSET=utf8;

--
-- Dumping data for table `nguoidung`
--

INSERT INTO `nguoidung` (`idnd`, `tennd`, `username`, `password`, `ngaysinh`, `gioitinh`, `email`, `dienthoai`, `diachi`, `ngaydangky`, `phanquyen`) VALUES
(6, 'adminstrator', 'admin', 'e10adc3949ba59abbe56e057f20f883e', '2021-12-14', 'nam', 'fwafwa@gmail.com', 123456789, 'aaaaaaaaaaaaaaaaaaaaaaaaaaaaaaaaaaaaaaaaaaaaa', '2021-12-14', 0),
(11, 'trongnguyen', 'abc123', '17ce03ef420fa094ebdc76e6bf625a3d', '2000-10-22', 'nam', 'trongnguyena4@gmail.com', 339569250, '', '2021-12-15', 1),
(15, 'nam2301', 'phuongnam', 'e10adc3949ba59abbe56e057f20f883e', '2000-12-21', 'nam', 'nam2301@gmail.com', 123456789, '312 Tran Quang Dieu', '2021-12-20', 1),
(16, 'Nam Nam', 'namnam', 'e10adc3949ba59abbe56e057f20f883e', '2000-02-01', 'nam', 'namnam@gmail.com', 123456788, '316 An Duong Vuong', '2021-12-20', 1),
(17, 'nguoidung', 'nguoidung', 'e10adc3949ba59abbe56e057f20f883e', '2000-12-22', 'nam', 'nguoidung@gmail.com', 123455555, '313 Lý Tự Trọng', '2021-12-22', 1),
(18, 'baobao', 'nngiabao', 'e10adc3949ba59abbe56e057f20f883e', '2000-12-22', 'nu', 'baobao@gmail.com', 123457777, '211 Lý Tự Trọng', '2021-12-22', 1);

-- --------------------------------------------------------

--
-- Table structure for table `nhasx`
--

CREATE TABLE `nhasx` (
  `idnsx` int(11) NOT NULL,
  `tennsx` varchar(255) NOT NULL,
  `diachi` varchar(255) NOT NULL,
  `dienthoai` int(11) NOT NULL
) ENGINE=InnoDB DEFAULT CHARSET=utf8;

-- --------------------------------------------------------

--
-- Table structure for table `sanpham`
--

CREATE TABLE `sanpham` (
  `idsp` int(11) NOT NULL,
  `tensp` varchar(50) NOT NULL,
  `hinhanh` varchar(255) NOT NULL,
  `mau` varchar(20) NOT NULL,
  `chitiet` text NOT NULL,
  `soluong` int(11) NOT NULL,
  `daban` int(11) NOT NULL,
  `gia` int(11) NOT NULL,
  `khuyenmai1` int(11) NOT NULL,
  `khuyenmai2` varchar(255) NOT NULL,
  `madm` int(11) NOT NULL,
  `ngaycapnhat` date NOT NULL,
  `trangthai` int(11) NOT NULL
) ENGINE=InnoDB DEFAULT CHARSET=utf8;

--
-- Dumping data for table `sanpham`
--

INSERT INTO `sanpham` (`idsp`, `tensp`, `hinhanh`, `mau`, `chitiet`, `soluong`, `daban`, `gia`, `khuyenmai1`, `khuyenmai2`, `madm`, `ngaycapnhat`, `trangthai`) VALUES
(1, 'Băng keo simily 3,5cm', 'bangkeo1.jpg', '', '<table border=\"0\" cellpadding=\"0\" cellspacing=\"0\" style=\"width:570px\">\r\n	<tbody>\r\n		<tr>\r\n			<td rowspan=\"2\" style=\"background-color:rgb(246, 246, 246); height:20px; vertical-align:baseline; width:150px !important\">\r\n			<p>Th&ocirc;ng tin chung</p>\r\n			</td>\r\n			<td style=\"background-color:rgb(252, 252, 252); height:20px; vertical-align:baseline\">Hệ điều h&agrave;nh</td>\r\n			<td style=\"background-color:rgb(252, 252, 252); height:20px; vertical-align:baseline\">Android 4.2.2 (Jelly Bean)</td>\r\n		</tr>\r\n		<tr>\r\n			<td style=\"background-color:rgb(252, 252, 252); border-color:rgb(255, 255, 255); height:20px; vertical-align:baseline\">\r\n			<p>Ng&ocirc;n ngữ</p>\r\n			</td>\r\n			<td style=\"background-color:rgb(252, 252, 252); border-color:rgb(255, 255, 255); height:20px; vertical-align:baseline\">Tiếng Việt, Tiếng Anh</td>\r\n		</tr>\r\n		<tr>\r\n			<td rowspan=\"6\" style=\"background-color:rgb(246, 246, 246); height:20px; vertical-align:baseline; width:150px !important\">\r\n			<p>M&agrave;n h&igrave;nh</p>\r\n			</td>\r\n			<td style=\"background-color:rgb(252, 252, 252); height:20px; vertical-align:baseline\">Loại m&agrave;n h&igrave;nh</td>\r\n			<td style=\"background-color:rgb(252, 252, 252); height:20px; vertical-align:baseline\">TFT</td>\r\n		</tr>\r\n		<tr>\r\n			<td style=\"background-color:rgb(252, 252, 252); border-color:rgb(255, 255, 255); height:20px; vertical-align:baseline\">\r\n			<p>M&agrave;u m&agrave;n h&igrave;nh</p>\r\n			</td>\r\n			<td style=\"background-color:rgb(252, 252, 252); border-color:rgb(255, 255, 255); height:20px; vertical-align:baseline\">16 triệu m&agrave;u</td>\r\n		</tr>\r\n		<tr>\r\n			<td style=\"background-color:rgb(252, 252, 252); border-color:rgb(255, 255, 255); height:20px; vertical-align:baseline\">\r\n			<p>Chuẩn m&agrave;n h&igrave;nh</p>\r\n			</td>\r\n			<td style=\"background-color:rgb(252, 252, 252); border-color:rgb(255, 255, 255); height:20px; vertical-align:baseline\">Full HD</td>\r\n		</tr>\r\n		<tr>\r\n			<td style=\"background-color:rgb(252, 252, 252); border-color:rgb(255, 255, 255); height:20px; vertical-align:baseline\">\r\n			<p>Độ ph&acirc;n giải</p>\r\n			</td>\r\n			<td style=\"background-color:rgb(252, 252, 252); border-color:rgb(255, 255, 255); height:20px; vertical-align:baseline\">1080 x 1920 pixels</td>\r\n		</tr>\r\n		<tr>\r\n			<td style=\"background-color:rgb(252, 252, 252); border-color:rgb(255, 255, 255); height:20px; vertical-align:baseline\">\r\n			<p>M&agrave;n h&igrave;nh rộng</p>\r\n			</td>\r\n			<td style=\"background-color:rgb(252, 252, 252); border-color:rgb(255, 255, 255); height:20px; vertical-align:baseline\">5.0&quot;</td>\r\n		</tr>\r\n		<tr>\r\n			<td style=\"background-color:rgb(252, 252, 252); border-color:rgb(255, 255, 255); height:20px; vertical-align:baseline\">\r\n			<p>C&ocirc;ng nghệ cảm ứng</p>\r\n			</td>\r\n			<td style=\"background-color:rgb(252, 252, 252); border-color:rgb(255, 255, 255); height:20px; vertical-align:baseline\">Cảm ứng điện dung đa điểm</td>\r\n		</tr>\r\n		<tr>\r\n			<td rowspan=\"6\" style=\"background-color:rgb(246, 246, 246); height:20px; vertical-align:baseline; width:150px !important\">\r\n			<p>Chụp h&igrave;nh &amp; Quay phim</p>\r\n			</td>\r\n			<td style=\"background-color:rgb(252, 252, 252); height:20px; vertical-align:baseline\">Camera sau</td>\r\n			<td style=\"background-color:rgb(252, 252, 252); height:20px; vertical-align:baseline\">20.7 MP</td>\r\n		</tr>\r\n		<tr>\r\n			<td style=\"background-color:rgb(252, 252, 252); border-color:rgb(255, 255, 255); height:20px; vertical-align:baseline\">\r\n			<p>Camera trước</p>\r\n			</td>\r\n			<td style=\"background-color:rgb(252, 252, 252); border-color:rgb(255, 255, 255); height:20px; vertical-align:baseline\">2.0 MP</td>\r\n		</tr>\r\n		<tr>\r\n			<td style=\"background-color:rgb(252, 252, 252); border-color:rgb(255, 255, 255); height:20px; vertical-align:baseline\">\r\n			<p>Đ&egrave;n Flash</p>\r\n			</td>\r\n			<td style=\"background-color:rgb(252, 252, 252); border-color:rgb(255, 255, 255); height:20px; vertical-align:baseline\">C&oacute;</td>\r\n		</tr>\r\n		<tr>\r\n			<td style=\"background-color:rgb(252, 252, 252); border-color:rgb(255, 255, 255); height:20px; vertical-align:baseline\">\r\n			<p>T&iacute;nh năng camera</p>\r\n			</td>\r\n			<td style=\"background-color:rgb(252, 252, 252); border-color:rgb(255, 255, 255); height:20px; vertical-align:baseline\">Tự động lấy n&eacute;t, chạm lấy n&eacute;t<br />\r\n			Nhận diện khu&ocirc;n mặt, nụ cười<br />\r\n			Chống rung</td>\r\n		</tr>\r\n		<tr>\r\n			<td style=\"background-color:rgb(252, 252, 252); border-color:rgb(255, 255, 255); height:20px; vertical-align:baseline\">\r\n			<p>Quay phim</p>\r\n			</td>\r\n			<td style=\"background-color:rgb(252, 252, 252); border-color:rgb(255, 255, 255); height:20px; vertical-align:baseline\">Quay phim FullHD 1080p@30fps</td>\r\n		</tr>\r\n		<tr>\r\n			<td style=\"background-color:rgb(252, 252, 252); border-color:rgb(255, 255, 255); height:20px; vertical-align:baseline\">\r\n			<p>Videocall</p>\r\n			</td>\r\n			<td style=\"background-color:rgb(252, 252, 252); border-color:rgb(255, 255, 255); height:20px; vertical-align:baseline\">Hỗ trợ VideoCall qua Skype</td>\r\n		</tr>\r\n		<tr>\r\n			<td rowspan=\"5\" style=\"background-color:rgb(246, 246, 246); height:20px; vertical-align:baseline; width:150px !important\">\r\n			<p>CPU &amp; RAM</p>\r\n			</td>\r\n			<td style=\"background-color:rgb(252, 252, 252); height:20px; vertical-align:baseline\">Tốc độ CPU</td>\r\n			<td style=\"background-color:rgb(252, 252, 252); height:20px; vertical-align:baseline\">2.2 GHz</td>\r\n		</tr>\r\n		<tr>\r\n			<td style=\"background-color:rgb(252, 252, 252); border-color:rgb(255, 255, 255); height:20px; vertical-align:baseline\">\r\n			<p>Số nh&acirc;n</p>\r\n			</td>\r\n			<td style=\"background-color:rgb(252, 252, 252); border-color:rgb(255, 255, 255); height:20px; vertical-align:baseline\">4 nh&acirc;n</td>\r\n		</tr>\r\n		<tr>\r\n			<td style=\"background-color:rgb(252, 252, 252); border-color:rgb(255, 255, 255); height:20px; vertical-align:baseline\">\r\n			<p>Chipset</p>\r\n			</td>\r\n			<td style=\"background-color:rgb(252, 252, 252); border-color:rgb(255, 255, 255); height:20px; vertical-align:baseline\">Qualcomm MSM8974</td>\r\n		</tr>\r\n		<tr>\r\n			<td style=\"background-color:rgb(252, 252, 252); border-color:rgb(255, 255, 255); height:20px; vertical-align:baseline\">\r\n			<p>RAM</p>\r\n			</td>\r\n			<td style=\"background-color:rgb(252, 252, 252); border-color:rgb(255, 255, 255); height:20px; vertical-align:baseline\">2 GB</td>\r\n		</tr>\r\n		<tr>\r\n			<td style=\"background-color:rgb(252, 252, 252); border-color:rgb(255, 255, 255); height:20px; vertical-align:baseline\">\r\n			<p>Chip đồ họa (GPU)</p>\r\n			</td>\r\n			<td style=\"background-color:rgb(252, 252, 252); border-color:rgb(255, 255, 255); height:20px; vertical-align:baseline\">Adreno 330</td>\r\n		</tr>\r\n		<tr>\r\n			<td rowspan=\"4\" style=\"background-color:rgb(246, 246, 246); height:20px; vertical-align:baseline; width:150px !important\">\r\n			<p>Bộ nhớ &amp; Lưu trữ</p>\r\n			</td>\r\n			<td style=\"background-color:rgb(252, 252, 252); height:20px; vertical-align:baseline\">Danh bạ</td>\r\n			<td style=\"background-color:rgb(252, 252, 252); height:20px; vertical-align:baseline\">Kh&ocirc;ng giới hạn</td>\r\n		</tr>\r\n		<tr>\r\n			<td style=\"background-color:rgb(252, 252, 252); border-color:rgb(255, 255, 255); height:20px; vertical-align:baseline\">\r\n			<p>Bộ nhớ trong (ROM)</p>\r\n			</td>\r\n			<td style=\"background-color:rgb(252, 252, 252); border-color:rgb(255, 255, 255); height:20px; vertical-align:baseline\">16 GB</td>\r\n		</tr>\r\n		<tr>\r\n			<td style=\"background-color:rgb(252, 252, 252); border-color:rgb(255, 255, 255); height:20px; vertical-align:baseline\">\r\n			<p>Thẻ nhớ ngo&agrave;i</p>\r\n			</td>\r\n			<td style=\"background-color:rgb(252, 252, 252); border-color:rgb(255, 255, 255); height:20px; vertical-align:baseline\">MicroSD (T-Flash)</td>\r\n		</tr>\r\n		<tr>\r\n			<td style=\"background-color:rgb(252, 252, 252); border-color:rgb(255, 255, 255); height:20px; vertical-align:baseline\">\r\n			<p>Hỗ trợ thẻ tối đa</p>\r\n			</td>\r\n			<td style=\"background-color:rgb(252, 252, 252); border-color:rgb(255, 255, 255); height:20px; vertical-align:baseline\">64 GB</td>\r\n		</tr>\r\n		<tr>\r\n			<td rowspan=\"3\" style=\"background-color:rgb(246, 246, 246); height:20px; vertical-align:baseline; width:150px !important\">\r\n			<p>Thiết kế &amp; Trọng lượng</p>\r\n			</td>\r\n			<td style=\"background-color:rgb(252, 252, 252); height:20px; vertical-align:baseline\">Kiểu d&aacute;ng</td>\r\n			<td style=\"background-color:rgb(252, 252, 252); height:20px; vertical-align:baseline\">Thanh + Cảm ứng</td>\r\n		</tr>\r\n		<tr>\r\n			<td style=\"background-color:rgb(252, 252, 252); border-color:rgb(255, 255, 255); height:20px; vertical-align:baseline\">\r\n			<p>K&iacute;ch thước</p>\r\n			</td>\r\n			<td style=\"background-color:rgb(252, 252, 252); border-color:rgb(255, 255, 255); height:20px; vertical-align:baseline\">144 x 74 x 8.5 mm</td>\r\n		</tr>\r\n		<tr>\r\n			<td style=\"background-color:rgb(252, 252, 252); border-color:rgb(255, 255, 255); height:20px; vertical-align:baseline\">\r\n			<p>Trọng lượng (g)</p>\r\n			</td>\r\n			<td style=\"background-color:rgb(252, 252, 252); border-color:rgb(255, 255, 255); height:20px; vertical-align:baseline\">170</td>\r\n		</tr>\r\n		<tr>\r\n			<td rowspan=\"3\" style=\"background-color:rgb(246, 246, 246); height:20px; vertical-align:baseline; width:150px !important\">\r\n			<p>Th&ocirc;ng tin pin</p>\r\n			</td>\r\n			<td style=\"background-color:rgb(252, 252, 252); height:20px; vertical-align:baseline\">Loại pin</td>\r\n			<td style=\"background-color:rgb(252, 252, 252); height:20px; vertical-align:baseline\">Pin chuẩn Li-Ion</td>\r\n		</tr>\r\n		<tr>\r\n			<td style=\"background-color:rgb(252, 252, 252); border-color:rgb(255, 255, 255); height:20px; vertical-align:baseline\">\r\n			<p>Dung lượng pin</p>\r\n			</td>\r\n			<td style=\"background-color:rgb(252, 252, 252); border-color:rgb(255, 255, 255); height:20px; vertical-align:baseline\">3000 mAh</td>\r\n		</tr>\r\n		<tr>\r\n			<td style=\"background-color:rgb(252, 252, 252); border-color:rgb(255, 255, 255); height:20px; vertical-align:baseline\">\r\n			<p>Pin c&oacute; thể th&aacute;o rời</p>\r\n			</td>\r\n			<td style=\"background-color:rgb(252, 252, 252); border-color:rgb(255, 255, 255); height:20px; vertical-align:baseline\">Kh&ocirc;ng</td>\r\n		</tr>\r\n		<tr>\r\n			<td rowspan=\"13\" style=\"background-color:rgb(246, 246, 246); height:20px; vertical-align:baseline; width:150px !important\">\r\n			<p>Kết nối &amp; Cổng giao tiếp</p>\r\n			</td>\r\n			<td style=\"background-color:rgb(252, 252, 252); height:20px; vertical-align:baseline\">3G</td>\r\n			<td style=\"background-color:rgb(252, 252, 252); height:20px; vertical-align:baseline\">HSDPA, 42 Mbps; HSUPA, 5.76 Mbps</td>\r\n		</tr>\r\n		<tr>\r\n			<td style=\"background-color:rgb(252, 252, 252); border-color:rgb(255, 255, 255); height:20px; vertical-align:baseline\">\r\n			<p>4G</p>\r\n			</td>\r\n			<td style=\"background-color:rgb(252, 252, 252); border-color:rgb(255, 255, 255); height:20px; vertical-align:baseline\">C&oacute;</td>\r\n		</tr>\r\n		<tr>\r\n			<td style=\"background-color:rgb(252, 252, 252); border-color:rgb(255, 255, 255); height:20px; vertical-align:baseline\">\r\n			<p>Loại Sim</p>\r\n			</td>\r\n			<td style=\"background-color:rgb(252, 252, 252); border-color:rgb(255, 255, 255); height:20px; vertical-align:baseline\">Micro SIM</td>\r\n		</tr>\r\n		<tr>\r\n			<td style=\"background-color:rgb(252, 252, 252); border-color:rgb(255, 255, 255); height:20px; vertical-align:baseline\">\r\n			<p>Khe gắn Sim</p>\r\n			</td>\r\n			<td style=\"background-color:rgb(252, 252, 252); border-color:rgb(255, 255, 255); height:20px; vertical-align:baseline\">1 Sim</td>\r\n		</tr>\r\n		<tr>\r\n			<td style=\"background-color:rgb(252, 252, 252); border-color:rgb(255, 255, 255); height:20px; vertical-align:baseline\">\r\n			<p>Wifi</p>\r\n			</td>\r\n			<td style=\"background-color:rgb(252, 252, 252); border-color:rgb(255, 255, 255); height:20px; vertical-align:baseline\">Wi-Fi 802.11 a/b/g/n/ac, dual-band, DLNA, Wi-Fi Direct, Wi-Fi hotspot</td>\r\n		</tr>\r\n		<tr>\r\n			<td style=\"background-color:rgb(252, 252, 252); border-color:rgb(255, 255, 255); height:20px; vertical-align:baseline\">\r\n			<p>GPS</p>\r\n			</td>\r\n			<td style=\"background-color:rgb(252, 252, 252); border-color:rgb(255, 255, 255); height:20px; vertical-align:baseline\">A-GPS v&agrave; GLONASS</td>\r\n		</tr>\r\n		<tr>\r\n			<td style=\"background-color:rgb(252, 252, 252); border-color:rgb(255, 255, 255); height:20px; vertical-align:baseline\">\r\n			<p>Bluetooth</p>\r\n			</td>\r\n			<td style=\"background-color:rgb(252, 252, 252); border-color:rgb(255, 255, 255); height:20px; vertical-align:baseline\">V4.0 with A2DP</td>\r\n		</tr>\r\n		<tr>\r\n			<td style=\"background-color:rgb(252, 252, 252); border-color:rgb(255, 255, 255); height:20px; vertical-align:baseline\">\r\n			<p>GPRS/EDGE</p>\r\n			</td>\r\n			<td style=\"background-color:rgb(252, 252, 252); border-color:rgb(255, 255, 255); height:20px; vertical-align:baseline\">Up to 107 kbps / Up to 296 kbps</td>\r\n		</tr>\r\n		<tr>\r\n			<td style=\"background-color:rgb(252, 252, 252); border-color:rgb(255, 255, 255); height:20px; vertical-align:baseline\">\r\n			<p>Jack tai nghe</p>\r\n			</td>\r\n			<td style=\"background-color:rgb(252, 252, 252); border-color:rgb(255, 255, 255); height:20px; vertical-align:baseline\">3.5 mm</td>\r\n		</tr>\r\n		<tr>\r\n			<td style=\"background-color:rgb(252, 252, 252); border-color:rgb(255, 255, 255); height:20px; vertical-align:baseline\">\r\n			<p>NFC</p>\r\n			</td>\r\n			<td style=\"background-color:rgb(252, 252, 252); border-color:rgb(255, 255, 255); height:20px; vertical-align:baseline\">C&oacute;</td>\r\n		</tr>\r\n		<tr>\r\n			<td style=\"background-color:rgb(252, 252, 252); border-color:rgb(255, 255, 255); height:20px; vertical-align:baseline\">\r\n			<p>Kết nối USB</p>\r\n			</td>\r\n			<td style=\"background-color:rgb(252, 252, 252); border-color:rgb(255, 255, 255); height:20px; vertical-align:baseline\">Micro USB</td>\r\n		</tr>\r\n		<tr>\r\n			<td style=\"background-color:rgb(252, 252, 252); border-color:rgb(255, 255, 255); height:20px; vertical-align:baseline\">\r\n			<p>Kết nối kh&aacute;c</p>\r\n			</td>\r\n			<td style=\"background-color:rgb(252, 252, 252); border-color:rgb(255, 255, 255); height:20px; vertical-align:baseline\">Kh&ocirc;ng</td>\r\n		</tr>\r\n		<tr>\r\n			<td style=\"background-color:rgb(252, 252, 252); border-color:rgb(255, 255, 255); height:20px; vertical-align:baseline\">\r\n			<p>Cổng sạc</p>\r\n			</td>\r\n			<td style=\"background-color:rgb(252, 252, 252); border-color:rgb(255, 255, 255); height:20px; vertical-align:baseline\">Micro USB</td>\r\n		</tr>\r\n		<tr>\r\n			<td rowspan=\"6\" style=\"background-color:rgb(246, 246, 246); height:20px; vertical-align:baseline; width:150px !important\">\r\n			<p>Giải tr&iacute; &amp; Ứng dụng</p>\r\n			</td>\r\n			<td style=\"background-color:rgb(252, 252, 252); height:20px; vertical-align:baseline\">Xem phim</td>\r\n			<td style=\"background-color:rgb(252, 252, 252); height:20px; vertical-align:baseline\">MP4, WMV, H.263, H.264(MPEG4-AVC)</td>\r\n		</tr>\r\n		<tr>\r\n			<td style=\"background-color:rgb(252, 252, 252); border-color:rgb(255, 255, 255); height:20px; vertical-align:baseline\">\r\n			<p>Nghe nhạc</p>\r\n			</td>\r\n			<td style=\"background-color:rgb(252, 252, 252); border-color:rgb(255, 255, 255); height:20px; vertical-align:baseline\">MP3, WAV, WMA, eAAC+, FLAC</td>\r\n		</tr>\r\n		<tr>\r\n			<td style=\"background-color:rgb(252, 252, 252); border-color:rgb(255, 255, 255); height:20px; vertical-align:baseline\">\r\n			<p>Ghi &acirc;m</p>\r\n			</td>\r\n			<td style=\"background-color:rgb(252, 252, 252); border-color:rgb(255, 255, 255); height:20px; vertical-align:baseline\">C&oacute;</td>\r\n		</tr>\r\n		<tr>\r\n			<td style=\"background-color:rgb(252, 252, 252); border-color:rgb(255, 255, 255); height:20px; vertical-align:baseline\">\r\n			<p>Giới hạn cuộc gọi</p>\r\n			</td>\r\n			<td style=\"background-color:rgb(252, 252, 252); border-color:rgb(255, 255, 255); height:20px; vertical-align:baseline\">Kh&ocirc;ng</td>\r\n		</tr>\r\n		<tr>\r\n			<td style=\"background-color:rgb(252, 252, 252); border-color:rgb(255, 255, 255); height:20px; vertical-align:baseline\">\r\n			<p>FM radio</p>\r\n			</td>\r\n			<td style=\"background-color:rgb(252, 252, 252); border-color:rgb(255, 255, 255); height:20px; vertical-align:baseline\">FM radio với RDS</td>\r\n		</tr>\r\n		<tr>\r\n			<td style=\"background-color:rgb(252, 252, 252); border-color:rgb(255, 255, 255); height:20px; vertical-align:baseline\">\r\n			<p>Chức năng kh&aacute;c</p>\r\n			</td>\r\n			<td style=\"background-color:rgb(252, 252, 252); border-color:rgb(255, 255, 255); height:20px; vertical-align:baseline\">Mạng x&atilde; hội ảo<br />\r\n			Google Search, Maps, Gmail, YouTube, Calendar, Google Talk<br />\r\n			Micro chuy&ecirc;n dụng chống ồn</td>\r\n		</tr>\r\n	</tbody>\r\n</table>\r\n', 50, 12, 8000, 0, '', 3, '2021-12-20', 0),
(2, 'BÌA LÁ LỖ 6.5 DOUBLEA', 'bia la lo 650gram doubleA day.jpg', '', 'Bìa lỗ Double A\n\n<br>- Độ trong suốt cao, có thể photo trực tiếp\n\n<br>- Sản phẩm có thiết kế lỗ đục\n\n<br>- Giúp gắn vào các loại bìa cứng một cách nhanh chóng\n\n<br>- Thông dụng, tiện lợi, dễ dàng cất trữ các tài liệuBìa Lỗ Double A với kích thước bìa A4\n\n<br>- Thông dụng, tiện lợi, dễ dàng cất trữ các tài liệu quan trọng.\n\n<br>- Sản phẩm có thiết kế lỗ đục, giúp gắn vào các loại bìa cứng một cách nhanh chóng  ', 100, 0, 10000, 0, '', 1, '2021-12-20', 0),
(86, 'SỔ LÒ XO GRAND B5 - 100 TRANG', '20211221035725so_tap_1.jpg', '', '<p>&nbsp;</p>\r\n\r\n<p><strong>M&ocirc; tả:</strong><br />\r\n- Độ trong suốt cao, c&oacute; thể photo trực tiếp</p>\r\n\r\n<p>- Sản phẩm c&oacute; thiết kế lỗ đục</p>\r\n\r\n<p>- Gi&uacute;p gắn v&agrave;o c&aacute;c loại b&igrave;a cứng một c&aacute;ch nhanh ch&oacute;ng</p>\r\n\r\n<p>- Th&ocirc;ng dụng, tiện lợi, dễ d&agrave;ng cất trữ c&aacute;c t&agrave;i liệuB&igrave;a Lỗ Double A với k&iacute;ch thước b&igrave;a A4</p>\r\n\r\n<p>- Th&ocirc;ng dụng, tiện lợi, dễ d&agrave;ng cất trữ c&aacute;c t&agrave;i liệu quan trọng.</p>\r\n\r\n<p>- Sản phẩm c&oacute; thiết kế lỗ đục, gi&uacute;p gắn v&agrave;o c&aacute;c loại b&igrave;a cứng một c&aacute;ch nhanh ch&oacute;ng&nbsp;&nbsp;</p>\r\n\r\n<p>&ndash; Loại b&igrave;a mặt ngo&agrave;i l&agrave; simili cao cấp, mặt trong phủ m&agrave;ng giấy gi&uacute;p tăng t&iacute;nh bền chắc v&agrave; kh&ocirc;ng g&acirc;y trơn trượt.</p>\r\n\r\n<p>- B&igrave;a c&aacute;n m&eacute;p bền, &iacute;t bị cong v&ecirc;nh trong thời gian d&agrave;i sử dụng. Kh&oacute;a v&agrave; thanh kẹp giấy bằng th&eacute;p chắc chắn, c&oacute; lớp mạ chống oxi h&oacute;a, dễ th&aacute;o v&agrave; đ&oacute;ng.</p>\r\n\r\n<p><strong>T&iacute;nh ứng dụng:</strong></p>\r\n\r\n<p>+&nbsp; Giải ph&aacute;p quản l&yacute;, lưu trữ hồ sơ từ h&atilde;ng VPP uy t&iacute;n Nhật Bản.</p>\r\n\r\n<p>+&nbsp; Độ d&agrave;y g&aacute;y b&igrave;a l&agrave; 50mm tức 5 ph&acirc;n, khả năng chứa tối đa 500 tờ t&agrave;i liệu.</p>\r\n\r\n<p>+&nbsp; B&igrave;a F4 c&oacute; thể lưu trữ t&agrave;i liệu thuộc nhiều k&iacute;ch cỡ như: A4, A5, F4&hellip; ph&ugrave; hợp với k&iacute;ch cỡ của c&aacute;c loại giấy tờ hiện nay.</p>\r\n\r\n<p>+&nbsp; Giải ph&aacute;p quản l&yacute;, lưu trữ hồ sơ gọn g&agrave;ng, ngăn nắp cho mọi văn ph&ograve;ng.</p>\r\n\r\n<p>+&nbsp; B&igrave;a m&agrave;u xanh đẹp mắt, dễ ph&acirc;n loại t&agrave;i liệu trong doanh nghiệp.</p>\r\n', 50, 0, 10000, 10, '', 1, '2021-12-20', 0),
(87, 'TẬP HỌC SINH RITA - 100 TR', '20211221040713so_tap_2.jpg', '', '<p>&nbsp;</p>\r\n\r\n<p><strong>M&ocirc; tả:</strong><br />\r\n- Độ trong suốt cao, c&oacute; thể photo trực tiếp</p>\r\n\r\n<p>- Sản phẩm c&oacute; thiết kế lỗ đục</p>\r\n\r\n<p>- Gi&uacute;p gắn v&agrave;o c&aacute;c loại b&igrave;a cứng một c&aacute;ch nhanh ch&oacute;ng</p>\r\n\r\n<p>- Th&ocirc;ng dụng, tiện lợi, dễ d&agrave;ng cất trữ c&aacute;c t&agrave;i liệuB&igrave;a Lỗ Double A với k&iacute;ch thước b&igrave;a A4</p>\r\n\r\n<p>- Th&ocirc;ng dụng, tiện lợi, dễ d&agrave;ng cất trữ c&aacute;c t&agrave;i liệu quan trọng.</p>\r\n\r\n<p>- Sản phẩm c&oacute; thiết kế lỗ đục, gi&uacute;p gắn v&agrave;o c&aacute;c loại b&igrave;a cứng một c&aacute;ch nhanh ch&oacute;ng&nbsp;&nbsp;</p>\r\n\r\n<p>&ndash; Loại b&igrave;a mặt ngo&agrave;i l&agrave; simili cao cấp, mặt trong phủ m&agrave;ng giấy gi&uacute;p tăng t&iacute;nh bền chắc v&agrave; kh&ocirc;ng g&acirc;y trơn trượt.</p>\r\n\r\n<p>- B&igrave;a c&aacute;n m&eacute;p bền, &iacute;t bị cong v&ecirc;nh trong thời gian d&agrave;i sử dụng. Kh&oacute;a v&agrave; thanh kẹp giấy bằng th&eacute;p chắc chắn, c&oacute; lớp mạ chống oxi h&oacute;a, dễ th&aacute;o v&agrave; đ&oacute;ng.</p>\r\n\r\n<p>&nbsp;</p>\r\n\r\n<p><strong>T&iacute;nh ứng dụng:</strong></p>\r\n\r\n<p>+&nbsp; Giải ph&aacute;p quản l&yacute;, lưu trữ hồ sơ từ h&atilde;ng VPP uy t&iacute;n Nhật Bản.</p>\r\n\r\n<p>+&nbsp; Độ d&agrave;y g&aacute;y b&igrave;a l&agrave; 50mm tức 5 ph&acirc;n, khả năng chứa tối đa 500 tờ t&agrave;i liệu.</p>\r\n\r\n<p>+&nbsp; B&igrave;a F4 c&oacute; thể lưu trữ t&agrave;i liệu thuộc nhiều k&iacute;ch cỡ như: A4, A5, F4&hellip; ph&ugrave; hợp với k&iacute;ch cỡ của c&aacute;c loại giấy tờ hiện nay.</p>\r\n\r\n<p>+&nbsp; Giải ph&aacute;p quản l&yacute;, lưu trữ hồ sơ gọn g&agrave;ng, ngăn nắp cho mọi văn ph&ograve;ng.</p>\r\n\r\n<p>+&nbsp; B&igrave;a m&agrave;u xanh đẹp mắt, dễ ph&acirc;n loại t&agrave;i liệu trong doanh nghiệp.</p>\r\n<body id=\"cke_pastebin\" style=\"position: absolute; top: -10px; width: 1px; height: 180px; overflow: hidden; margin: 0px; padding: 0px; left: -1000px;\">\r\n<p><strong>M&ocirc; tả:</strong><br />\r\n- Độ trong suốt cao, c&oacute; thể photo trực tiếp</p>\r\n\r\n<p>- Sản phẩm c&oacute; thiết kế lỗ đục</p>\r\n\r\n<p>- Gi&uacute;p gắn v&agrave;o c&aacute;c loại b&igrave;a cứng một c&aacute;ch nhanh ch&oacute;ng</p>\r\n\r\n<p>- Th&ocirc;ng dụng, tiện lợi, dễ d&agrave;ng cất trữ c&aacute;c t&agrave;i liệuB&igrave;a Lỗ Double A với k&iacute;ch thước b&igrave;a A4</p>\r\n\r\n<p>- Th&ocirc;ng dụng, tiện lợi, dễ d&agrave;ng cất trữ c&aacute;c t&agrave;i liệu quan trọng.</p>\r\n\r\n<p>- Sản phẩm c&oacute; thiết kế lỗ đục, gi&uacute;p gắn v&agrave;o c&aacute;c loại b&igrave;a cứng một c&aacute;ch nhanh ch&oacute;ng&nbsp;&nbsp;</p>\r\n\r\n<p>&ndash; Loại b&igrave;a mặt ngo&agrave;i l&agrave; simili cao cấp, mặt trong phủ m&agrave;ng giấy gi&uacute;p tăng t&iacute;nh bền chắc v&agrave; kh&ocirc;ng g&acirc;y trơn trượt.</p>\r\n\r\n<p>- B&igrave;a c&aacute;n m&eacute;p bền, &iacute;t bị cong v&ecirc;nh trong thời gian d&agrave;i sử dụng. Kh&oacute;a v&agrave; thanh kẹp giấy bằng th&eacute;p chắc chắn, c&oacute; lớp mạ chống oxi h&oacute;a, dễ th&aacute;o v&agrave; đ&oacute;ng.</p>\r\n\r\n<p>&nbsp;</p>\r\n\r\n<p><strong>T&iacute;nh ứng dụng:</strong></p>\r\n\r\n<p>+&nbsp; Giải ph&aacute;p quản l&yacute;, lưu trữ hồ sơ từ h&atilde;ng VPP uy t&iacute;n Nhật Bản.</p>\r\n\r\n<p>+&nbsp; Độ d&agrave;y g&aacute;y b&igrave;a l&agrave; 50mm tức 5 ph&acirc;n, khả năng chứa tối đa 500 tờ t&agrave;i liệu.</p>\r\n\r\n<p>+&nbsp; B&igrave;a F4 c&oacute; thể lưu trữ t&agrave;i liệu thuộc nhiều k&iacute;ch cỡ như: A4, A5, F4&hellip; ph&ugrave; hợp với k&iacute;ch cỡ của c&aacute;c loại giấy tờ hiện nay.</p>\r\n\r\n<p>+&nbsp; Giải ph&aacute;p quản l&yacute;, lưu trữ hồ sơ gọn g&agrave;ng, ngăn nắp cho mọi văn ph&ograve;ng.</p>\r\n\r\n<p>+&nbsp; B&igrave;a m&agrave;u xanh đẹp mắt, dễ ph&acirc;n loại t&agrave;i liệu trong doanh nghiệp.</p>\r\n</body>\r\n', 50, 0, 8000, 0, '', 1, '2021-12-20', 0),
(88, 'VỞ 4 Ô LY 96TRANG - MOCMOC', '20211221040904so_tap_3.jpg', '', '<p><strong>M&ocirc; tả</strong></p>\r\n\r\n<p>- Độ trong suốt cao, c&oacute; thể photo trực tiếp</p>\r\n\r\n<p>- Sản phẩm c&oacute; thiết kế lỗ đục</p>\r\n\r\n<p>- Gi&uacute;p gắn v&agrave;o c&aacute;c loại b&igrave;a cứng một c&aacute;ch nhanh ch&oacute;ng</p>\r\n\r\n<p>- Th&ocirc;ng dụng, tiện lợi, dễ d&agrave;ng cất trữ c&aacute;c t&agrave;i liệuB&igrave;a Lỗ Double A với k&iacute;ch thước b&igrave;a A4</p>\r\n\r\n<p>- Th&ocirc;ng dụng, tiện lợi, dễ d&agrave;ng cất trữ c&aacute;c t&agrave;i liệu quan trọng.</p>\r\n\r\n<p>- Sản phẩm c&oacute; thiết kế lỗ đục, gi&uacute;p gắn v&agrave;o c&aacute;c loại b&igrave;a cứng một c&aacute;ch nhanh ch&oacute;ng&nbsp;&nbsp;</p>\r\n\r\n<p>&ndash; Loại b&igrave;a mặt ngo&agrave;i l&agrave; simili cao cấp, mặt trong phủ m&agrave;ng giấy gi&uacute;p tăng t&iacute;nh bền chắc v&agrave; kh&ocirc;ng g&acirc;y trơn trượt.</p>\r\n\r\n<p>- B&igrave;a c&aacute;n m&eacute;p bền, &iacute;t bị cong v&ecirc;nh trong thời gian d&agrave;i sử dụng. Kh&oacute;a v&agrave; thanh kẹp giấy bằng th&eacute;p chắc chắn, c&oacute; lớp mạ chống oxi h&oacute;a, dễ th&aacute;o v&agrave; đ&oacute;ng.</p>\r\n\r\n<p><br />\r\n<strong>T&iacute;nh ứng dụng:</strong></p>\r\n\r\n<p>+&nbsp; Giải ph&aacute;p quản l&yacute;, lưu trữ hồ sơ từ h&atilde;ng VPP uy t&iacute;n Nhật Bản.</p>\r\n\r\n<p>+&nbsp; Độ d&agrave;y g&aacute;y b&igrave;a l&agrave; 50mm tức 5 ph&acirc;n, khả năng chứa tối đa 500 tờ t&agrave;i liệu.</p>\r\n\r\n<p>+&nbsp; B&igrave;a F4 c&oacute; thể lưu trữ t&agrave;i liệu thuộc nhiều k&iacute;ch cỡ như: A4, A5, F4&hellip; ph&ugrave; hợp với k&iacute;ch cỡ của c&aacute;c loại giấy tờ hiện nay.</p>\r\n\r\n<p>+&nbsp; Giải ph&aacute;p quản l&yacute;, lưu trữ hồ sơ gọn g&agrave;ng, ngăn nắp cho mọi văn ph&ograve;ng.</p>\r\n\r\n<p>+&nbsp; B&igrave;a m&agrave;u xanh đẹp mắt, dễ ph&acirc;n loại t&agrave;i liệu trong doanh nghiệp.</p>\r\n', 50, 0, 10000, 20, '', 1, '2021-12-20', 0),
(89, 'TẬP HỌC SINH ABC HÒA BÌNH', '20211221040934so_tap_4.jpg', '', '<p><strong>M&ocirc; tả</strong></p>\r\n\r\n<p>- Độ trong suốt cao, c&oacute; thể photo trực tiếp</p>\r\n\r\n<p>- Sản phẩm c&oacute; thiết kế lỗ đục</p>\r\n\r\n<p>- Gi&uacute;p gắn v&agrave;o c&aacute;c loại b&igrave;a cứng một c&aacute;ch nhanh ch&oacute;ng</p>\r\n\r\n<p>- Th&ocirc;ng dụng, tiện lợi, dễ d&agrave;ng cất trữ c&aacute;c t&agrave;i liệuB&igrave;a Lỗ Double A với k&iacute;ch thước b&igrave;a A4</p>\r\n\r\n<p>- Th&ocirc;ng dụng, tiện lợi, dễ d&agrave;ng cất trữ c&aacute;c t&agrave;i liệu quan trọng.</p>\r\n\r\n<p>- Sản phẩm c&oacute; thiết kế lỗ đục, gi&uacute;p gắn v&agrave;o c&aacute;c loại b&igrave;a cứng một c&aacute;ch nhanh ch&oacute;ng&nbsp;&nbsp;</p>\r\n\r\n<p>&ndash; Loại b&igrave;a mặt ngo&agrave;i l&agrave; simili cao cấp, mặt trong phủ m&agrave;ng giấy gi&uacute;p tăng t&iacute;nh bền chắc v&agrave; kh&ocirc;ng g&acirc;y trơn trượt.</p>\r\n\r\n<p>- B&igrave;a c&aacute;n m&eacute;p bền, &iacute;t bị cong v&ecirc;nh trong thời gian d&agrave;i sử dụng. Kh&oacute;a v&agrave; thanh kẹp giấy bằng th&eacute;p chắc chắn, c&oacute; lớp mạ chống oxi h&oacute;a, dễ th&aacute;o v&agrave; đ&oacute;ng.</p>\r\n\r\n<p><br />\r\n<strong>T&iacute;nh ứng dụng:</strong></p>\r\n\r\n<p>+&nbsp; Giải ph&aacute;p quản l&yacute;, lưu trữ hồ sơ từ h&atilde;ng VPP uy t&iacute;n Nhật Bản.</p>\r\n\r\n<p>+&nbsp; Độ d&agrave;y g&aacute;y b&igrave;a l&agrave; 50mm tức 5 ph&acirc;n, khả năng chứa tối đa 500 tờ t&agrave;i liệu.</p>\r\n\r\n<p>+&nbsp; B&igrave;a F4 c&oacute; thể lưu trữ t&agrave;i liệu thuộc nhiều k&iacute;ch cỡ như: A4, A5, F4&hellip; ph&ugrave; hợp với k&iacute;ch cỡ của c&aacute;c loại giấy tờ hiện nay.</p>\r\n\r\n<p>+&nbsp; Giải ph&aacute;p quản l&yacute;, lưu trữ hồ sơ gọn g&agrave;ng, ngăn nắp cho mọi văn ph&ograve;ng.</p>\r\n\r\n<p>+&nbsp; B&igrave;a m&agrave;u xanh đẹp mắt, dễ ph&acirc;n loại t&agrave;i liệu trong doanh nghiệp.</p>\r\n\r\n<p>&nbsp;</p>\r\n', 50, 0, 8000, 0, '', 1, '2021-12-20', 0),
(90, 'BÚT BI DOUBLE A (0.7MM)', '20211221041006but_viet_1.jpg', '', '<p><strong>M&ocirc; tả</strong></p>\r\n\r\n<p>- Độ trong suốt cao, c&oacute; thể photo trực tiếp</p>\r\n\r\n<p>- Sản phẩm c&oacute; thiết kế lỗ đục</p>\r\n\r\n<p>- Gi&uacute;p gắn v&agrave;o c&aacute;c loại b&igrave;a cứng một c&aacute;ch nhanh ch&oacute;ng</p>\r\n\r\n<p>- Th&ocirc;ng dụng, tiện lợi, dễ d&agrave;ng cất trữ c&aacute;c t&agrave;i liệuB&igrave;a Lỗ Double A với k&iacute;ch thước b&igrave;a A4</p>\r\n\r\n<p>- Th&ocirc;ng dụng, tiện lợi, dễ d&agrave;ng cất trữ c&aacute;c t&agrave;i liệu quan trọng.</p>\r\n\r\n<p>- Sản phẩm c&oacute; thiết kế lỗ đục, gi&uacute;p gắn v&agrave;o c&aacute;c loại b&igrave;a cứng một c&aacute;ch nhanh ch&oacute;ng&nbsp;&nbsp;</p>\r\n\r\n<p>&ndash; Loại b&igrave;a mặt ngo&agrave;i l&agrave; simili cao cấp, mặt trong phủ m&agrave;ng giấy gi&uacute;p tăng t&iacute;nh bền chắc v&agrave; kh&ocirc;ng g&acirc;y trơn trượt.</p>\r\n\r\n<p>- B&igrave;a c&aacute;n m&eacute;p bền, &iacute;t bị cong v&ecirc;nh trong thời gian d&agrave;i sử dụng. Kh&oacute;a v&agrave; thanh kẹp giấy bằng th&eacute;p chắc chắn, c&oacute; lớp mạ chống oxi h&oacute;a, dễ th&aacute;o v&agrave; đ&oacute;ng.</p>\r\n\r\n<p><br />\r\n<strong>T&iacute;nh ứng dụng:</strong></p>\r\n\r\n<p>+&nbsp; Giải ph&aacute;p quản l&yacute;, lưu trữ hồ sơ từ h&atilde;ng VPP uy t&iacute;n Nhật Bản.</p>\r\n\r\n<p>+&nbsp; Độ d&agrave;y g&aacute;y b&igrave;a l&agrave; 50mm tức 5 ph&acirc;n, khả năng chứa tối đa 500 tờ t&agrave;i liệu.</p>\r\n\r\n<p>+&nbsp; B&igrave;a F4 c&oacute; thể lưu trữ t&agrave;i liệu thuộc nhiều k&iacute;ch cỡ như: A4, A5, F4&hellip; ph&ugrave; hợp với k&iacute;ch cỡ của c&aacute;c loại giấy tờ hiện nay.</p>\r\n\r\n<p>+&nbsp; Giải ph&aacute;p quản l&yacute;, lưu trữ hồ sơ gọn g&agrave;ng, ngăn nắp cho mọi văn ph&ograve;ng.</p>\r\n\r\n<p>+&nbsp; B&igrave;a m&agrave;u xanh đẹp mắt, dễ ph&acirc;n loại t&agrave;i liệu trong doanh nghiệp.</p>\r\n\r\n<p>&nbsp;</p>\r\n', 50, 0, 3000, 10, '', 2, '2021-12-20', 0),
(91, 'BÚT KÝ UNI-BALL UB-150', '20211221041040but_viet_2.jpg', '', '<p><strong>M&ocirc; tả</strong></p>\r\n\r\n<p>- Độ trong suốt cao, c&oacute; thể photo trực tiếp</p>\r\n\r\n<p>- Sản phẩm c&oacute; thiết kế lỗ đục</p>\r\n\r\n<p>- Gi&uacute;p gắn v&agrave;o c&aacute;c loại b&igrave;a cứng một c&aacute;ch nhanh ch&oacute;ng</p>\r\n\r\n<p>- Th&ocirc;ng dụng, tiện lợi, dễ d&agrave;ng cất trữ c&aacute;c t&agrave;i liệuB&igrave;a Lỗ Double A với k&iacute;ch thước b&igrave;a A4</p>\r\n\r\n<p>- Th&ocirc;ng dụng, tiện lợi, dễ d&agrave;ng cất trữ c&aacute;c t&agrave;i liệu quan trọng.</p>\r\n\r\n<p>- Sản phẩm c&oacute; thiết kế lỗ đục, gi&uacute;p gắn v&agrave;o c&aacute;c loại b&igrave;a cứng một c&aacute;ch nhanh ch&oacute;ng&nbsp;&nbsp;</p>\r\n\r\n<p>&ndash; Loại b&igrave;a mặt ngo&agrave;i l&agrave; simili cao cấp, mặt trong phủ m&agrave;ng giấy gi&uacute;p tăng t&iacute;nh bền chắc v&agrave; kh&ocirc;ng g&acirc;y trơn trượt.</p>\r\n\r\n<p>- B&igrave;a c&aacute;n m&eacute;p bền, &iacute;t bị cong v&ecirc;nh trong thời gian d&agrave;i sử dụng. Kh&oacute;a v&agrave; thanh kẹp giấy bằng th&eacute;p chắc chắn, c&oacute; lớp mạ chống oxi h&oacute;a, dễ th&aacute;o v&agrave; đ&oacute;ng.</p>\r\n\r\n<p><br />\r\n<strong>T&iacute;nh ứng dụng:</strong></p>\r\n\r\n<p>+&nbsp; Giải ph&aacute;p quản l&yacute;, lưu trữ hồ sơ từ h&atilde;ng VPP uy t&iacute;n Nhật Bản.</p>\r\n\r\n<p>+&nbsp; Độ d&agrave;y g&aacute;y b&igrave;a l&agrave; 50mm tức 5 ph&acirc;n, khả năng chứa tối đa 500 tờ t&agrave;i liệu.</p>\r\n\r\n<p>+&nbsp; B&igrave;a F4 c&oacute; thể lưu trữ t&agrave;i liệu thuộc nhiều k&iacute;ch cỡ như: A4, A5, F4&hellip; ph&ugrave; hợp với k&iacute;ch cỡ của c&aacute;c loại giấy tờ hiện nay.</p>\r\n\r\n<p>+&nbsp; Giải ph&aacute;p quản l&yacute;, lưu trữ hồ sơ gọn g&agrave;ng, ngăn nắp cho mọi văn ph&ograve;ng.</p>\r\n\r\n<p>+&nbsp; B&igrave;a m&agrave;u xanh đẹp mắt, dễ ph&acirc;n loại t&agrave;i liệu trong doanh nghiệp.</p>\r\n\r\n<p>&nbsp;</p>\r\n', 50, 0, 3000, 10, '', 2, '2021-12-20', 0),
(92, 'BÚT GEL B012', '20211221041108but_viet_3.jpg', '', '<p><strong>M&ocirc; tả</strong></p>\r\n\r\n<p>- Độ trong suốt cao, c&oacute; thể photo trực tiếp</p>\r\n\r\n<p>- Sản phẩm c&oacute; thiết kế lỗ đục</p>\r\n\r\n<p>- Gi&uacute;p gắn v&agrave;o c&aacute;c loại b&igrave;a cứng một c&aacute;ch nhanh ch&oacute;ng</p>\r\n\r\n<p>- Th&ocirc;ng dụng, tiện lợi, dễ d&agrave;ng cất trữ c&aacute;c t&agrave;i liệuB&igrave;a Lỗ Double A với k&iacute;ch thước b&igrave;a A4</p>\r\n\r\n<p>- Th&ocirc;ng dụng, tiện lợi, dễ d&agrave;ng cất trữ c&aacute;c t&agrave;i liệu quan trọng.</p>\r\n\r\n<p>- Sản phẩm c&oacute; thiết kế lỗ đục, gi&uacute;p gắn v&agrave;o c&aacute;c loại b&igrave;a cứng một c&aacute;ch nhanh ch&oacute;ng&nbsp;&nbsp;</p>\r\n\r\n<p>&ndash; Loại b&igrave;a mặt ngo&agrave;i l&agrave; simili cao cấp, mặt trong phủ m&agrave;ng giấy gi&uacute;p tăng t&iacute;nh bền chắc v&agrave; kh&ocirc;ng g&acirc;y trơn trượt.</p>\r\n\r\n<p>- B&igrave;a c&aacute;n m&eacute;p bền, &iacute;t bị cong v&ecirc;nh trong thời gian d&agrave;i sử dụng. Kh&oacute;a v&agrave; thanh kẹp giấy bằng th&eacute;p chắc chắn, c&oacute; lớp mạ chống oxi h&oacute;a, dễ th&aacute;o v&agrave; đ&oacute;ng.</p>\r\n\r\n<p><br />\r\n<strong>T&iacute;nh ứng dụng:</strong></p>\r\n\r\n<p>+&nbsp; Giải ph&aacute;p quản l&yacute;, lưu trữ hồ sơ từ h&atilde;ng VPP uy t&iacute;n Nhật Bản.</p>\r\n\r\n<p>+&nbsp; Độ d&agrave;y g&aacute;y b&igrave;a l&agrave; 50mm tức 5 ph&acirc;n, khả năng chứa tối đa 500 tờ t&agrave;i liệu.</p>\r\n\r\n<p>+&nbsp; B&igrave;a F4 c&oacute; thể lưu trữ t&agrave;i liệu thuộc nhiều k&iacute;ch cỡ như: A4, A5, F4&hellip; ph&ugrave; hợp với k&iacute;ch cỡ của c&aacute;c loại giấy tờ hiện nay.</p>\r\n\r\n<p>+&nbsp; Giải ph&aacute;p quản l&yacute;, lưu trữ hồ sơ gọn g&agrave;ng, ngăn nắp cho mọi văn ph&ograve;ng.</p>\r\n\r\n<p>+&nbsp; B&igrave;a m&agrave;u xanh đẹp mắt, dễ ph&acirc;n loại t&agrave;i liệu trong doanh nghiệp.</p>\r\n\r\n<p>&nbsp;</p>\r\n', 50, 0, 4000, 0, '', 2, '2021-12-20', 0),
(93, 'BÚT GEL THIÊN LONG GEL-08', '20211221041130but_viet_4.jpg', '', '<p><strong>M&ocirc; tả</strong></p>\r\n\r\n<p>- Độ trong suốt cao, c&oacute; thể photo trực tiếp</p>\r\n\r\n<p>- Sản phẩm c&oacute; thiết kế lỗ đục</p>\r\n\r\n<p>- Gi&uacute;p gắn v&agrave;o c&aacute;c loại b&igrave;a cứng một c&aacute;ch nhanh ch&oacute;ng</p>\r\n\r\n<p>- Th&ocirc;ng dụng, tiện lợi, dễ d&agrave;ng cất trữ c&aacute;c t&agrave;i liệuB&igrave;a Lỗ Double A với k&iacute;ch thước b&igrave;a A4</p>\r\n\r\n<p>- Th&ocirc;ng dụng, tiện lợi, dễ d&agrave;ng cất trữ c&aacute;c t&agrave;i liệu quan trọng.</p>\r\n\r\n<p>- Sản phẩm c&oacute; thiết kế lỗ đục, gi&uacute;p gắn v&agrave;o c&aacute;c loại b&igrave;a cứng một c&aacute;ch nhanh ch&oacute;ng&nbsp;&nbsp;</p>\r\n\r\n<p>&ndash; Loại b&igrave;a mặt ngo&agrave;i l&agrave; simili cao cấp, mặt trong phủ m&agrave;ng giấy gi&uacute;p tăng t&iacute;nh bền chắc v&agrave; kh&ocirc;ng g&acirc;y trơn trượt.</p>\r\n\r\n<p>- B&igrave;a c&aacute;n m&eacute;p bền, &iacute;t bị cong v&ecirc;nh trong thời gian d&agrave;i sử dụng. Kh&oacute;a v&agrave; thanh kẹp giấy bằng th&eacute;p chắc chắn, c&oacute; lớp mạ chống oxi h&oacute;a, dễ th&aacute;o v&agrave; đ&oacute;ng.</p>\r\n\r\n<p><br />\r\n<strong>T&iacute;nh ứng dụng:</strong></p>\r\n\r\n<p>+&nbsp; Giải ph&aacute;p quản l&yacute;, lưu trữ hồ sơ từ h&atilde;ng VPP uy t&iacute;n Nhật Bản.</p>\r\n\r\n<p>+&nbsp; Độ d&agrave;y g&aacute;y b&igrave;a l&agrave; 50mm tức 5 ph&acirc;n, khả năng chứa tối đa 500 tờ t&agrave;i liệu.</p>\r\n\r\n<p>+&nbsp; B&igrave;a F4 c&oacute; thể lưu trữ t&agrave;i liệu thuộc nhiều k&iacute;ch cỡ như: A4, A5, F4&hellip; ph&ugrave; hợp với k&iacute;ch cỡ của c&aacute;c loại giấy tờ hiện nay.</p>\r\n\r\n<p>+&nbsp; Giải ph&aacute;p quản l&yacute;, lưu trữ hồ sơ gọn g&agrave;ng, ngăn nắp cho mọi văn ph&ograve;ng.</p>\r\n\r\n<p>+&nbsp; B&igrave;a m&agrave;u xanh đẹp mắt, dễ ph&acirc;n loại t&agrave;i liệu trong doanh nghiệp.</p>\r\n\r\n<p>&nbsp;</p>\r\n', 50, 0, 4000, 0, '', 2, '2021-12-20', 0),
(94, 'BĂNG KEO GIẤY 2.4F', '20211221041204bang_keo_1.jpg', '', '<p><strong>M&ocirc; tả</strong></p>\r\n\r\n<p>- Độ trong suốt cao, c&oacute; thể photo trực tiếp</p>\r\n\r\n<p>- Sản phẩm c&oacute; thiết kế lỗ đục</p>\r\n\r\n<p>- Gi&uacute;p gắn v&agrave;o c&aacute;c loại b&igrave;a cứng một c&aacute;ch nhanh ch&oacute;ng</p>\r\n\r\n<p>- Th&ocirc;ng dụng, tiện lợi, dễ d&agrave;ng cất trữ c&aacute;c t&agrave;i liệuB&igrave;a Lỗ Double A với k&iacute;ch thước b&igrave;a A4</p>\r\n\r\n<p>- Th&ocirc;ng dụng, tiện lợi, dễ d&agrave;ng cất trữ c&aacute;c t&agrave;i liệu quan trọng.</p>\r\n\r\n<p>- Sản phẩm c&oacute; thiết kế lỗ đục, gi&uacute;p gắn v&agrave;o c&aacute;c loại b&igrave;a cứng một c&aacute;ch nhanh ch&oacute;ng&nbsp;&nbsp;</p>\r\n\r\n<p>&ndash; Loại b&igrave;a mặt ngo&agrave;i l&agrave; simili cao cấp, mặt trong phủ m&agrave;ng giấy gi&uacute;p tăng t&iacute;nh bền chắc v&agrave; kh&ocirc;ng g&acirc;y trơn trượt.</p>\r\n\r\n<p>- B&igrave;a c&aacute;n m&eacute;p bền, &iacute;t bị cong v&ecirc;nh trong thời gian d&agrave;i sử dụng. Kh&oacute;a v&agrave; thanh kẹp giấy bằng th&eacute;p chắc chắn, c&oacute; lớp mạ chống oxi h&oacute;a, dễ th&aacute;o v&agrave; đ&oacute;ng.</p>\r\n\r\n<p><br />\r\n<strong>T&iacute;nh ứng dụng:</strong></p>\r\n\r\n<p>+&nbsp; Giải ph&aacute;p quản l&yacute;, lưu trữ hồ sơ từ h&atilde;ng VPP uy t&iacute;n Nhật Bản.</p>\r\n\r\n<p>+&nbsp; Độ d&agrave;y g&aacute;y b&igrave;a l&agrave; 50mm tức 5 ph&acirc;n, khả năng chứa tối đa 500 tờ t&agrave;i liệu.</p>\r\n\r\n<p>+&nbsp; B&igrave;a F4 c&oacute; thể lưu trữ t&agrave;i liệu thuộc nhiều k&iacute;ch cỡ như: A4, A5, F4&hellip; ph&ugrave; hợp với k&iacute;ch cỡ của c&aacute;c loại giấy tờ hiện nay.</p>\r\n\r\n<p>+&nbsp; Giải ph&aacute;p quản l&yacute;, lưu trữ hồ sơ gọn g&agrave;ng, ngăn nắp cho mọi văn ph&ograve;ng.</p>\r\n\r\n<p>+&nbsp; B&igrave;a m&agrave;u xanh đẹp mắt, dễ ph&acirc;n loại t&agrave;i liệu trong doanh nghiệp.</p>\r\n\r\n<p>&nbsp;</p>\r\n', 50, 0, 12000, 20, '', 3, '2021-12-20', 0),
(95, 'BĂNG KEO ĐỤC 5F 100Y', '20211221041231bang_keo_2.jpg', '', '<p><strong>M&ocirc; tả</strong></p>\r\n\r\n<p>- Độ trong suốt cao, c&oacute; thể photo trực tiếp</p>\r\n\r\n<p>- Sản phẩm c&oacute; thiết kế lỗ đục</p>\r\n\r\n<p>- Gi&uacute;p gắn v&agrave;o c&aacute;c loại b&igrave;a cứng một c&aacute;ch nhanh ch&oacute;ng</p>\r\n\r\n<p>- Th&ocirc;ng dụng, tiện lợi, dễ d&agrave;ng cất trữ c&aacute;c t&agrave;i liệuB&igrave;a Lỗ Double A với k&iacute;ch thước b&igrave;a A4</p>\r\n\r\n<p>- Th&ocirc;ng dụng, tiện lợi, dễ d&agrave;ng cất trữ c&aacute;c t&agrave;i liệu quan trọng.</p>\r\n\r\n<p>- Sản phẩm c&oacute; thiết kế lỗ đục, gi&uacute;p gắn v&agrave;o c&aacute;c loại b&igrave;a cứng một c&aacute;ch nhanh ch&oacute;ng&nbsp;&nbsp;</p>\r\n\r\n<p>&ndash; Loại b&igrave;a mặt ngo&agrave;i l&agrave; simili cao cấp, mặt trong phủ m&agrave;ng giấy gi&uacute;p tăng t&iacute;nh bền chắc v&agrave; kh&ocirc;ng g&acirc;y trơn trượt.</p>\r\n\r\n<p>- B&igrave;a c&aacute;n m&eacute;p bền, &iacute;t bị cong v&ecirc;nh trong thời gian d&agrave;i sử dụng. Kh&oacute;a v&agrave; thanh kẹp giấy bằng th&eacute;p chắc chắn, c&oacute; lớp mạ chống oxi h&oacute;a, dễ th&aacute;o v&agrave; đ&oacute;ng.</p>\r\n\r\n<p><br />\r\n<strong>T&iacute;nh ứng dụng:</strong></p>\r\n\r\n<p>+&nbsp; Giải ph&aacute;p quản l&yacute;, lưu trữ hồ sơ từ h&atilde;ng VPP uy t&iacute;n Nhật Bản.</p>\r\n\r\n<p>+&nbsp; Độ d&agrave;y g&aacute;y b&igrave;a l&agrave; 50mm tức 5 ph&acirc;n, khả năng chứa tối đa 500 tờ t&agrave;i liệu.</p>\r\n\r\n<p>+&nbsp; B&igrave;a F4 c&oacute; thể lưu trữ t&agrave;i liệu thuộc nhiều k&iacute;ch cỡ như: A4, A5, F4&hellip; ph&ugrave; hợp với k&iacute;ch cỡ của c&aacute;c loại giấy tờ hiện nay.</p>\r\n\r\n<p>+&nbsp; Giải ph&aacute;p quản l&yacute;, lưu trữ hồ sơ gọn g&agrave;ng, ngăn nắp cho mọi văn ph&ograve;ng.</p>\r\n\r\n<p>+&nbsp; B&igrave;a m&agrave;u xanh đẹp mắt, dễ ph&acirc;n loại t&agrave;i liệu trong doanh nghiệp.</p>\r\n\r\n<p>&nbsp;</p>\r\n', 50, 0, 8000, 0, '', 3, '2021-12-20', 0),
(96, 'BĂNG KEO 2 MẶT 4.8F', '20211221041300bang_keo_3.jpg', '', '<p><strong>M&ocirc; tả</strong></p>\r\n\r\n<p>- Độ trong suốt cao, c&oacute; thể photo trực tiếp</p>\r\n\r\n<p>- Sản phẩm c&oacute; thiết kế lỗ đục</p>\r\n\r\n<p>- Gi&uacute;p gắn v&agrave;o c&aacute;c loại b&igrave;a cứng một c&aacute;ch nhanh ch&oacute;ng</p>\r\n\r\n<p>- Th&ocirc;ng dụng, tiện lợi, dễ d&agrave;ng cất trữ c&aacute;c t&agrave;i liệuB&igrave;a Lỗ Double A với k&iacute;ch thước b&igrave;a A4</p>\r\n\r\n<p>- Th&ocirc;ng dụng, tiện lợi, dễ d&agrave;ng cất trữ c&aacute;c t&agrave;i liệu quan trọng.</p>\r\n\r\n<p>- Sản phẩm c&oacute; thiết kế lỗ đục, gi&uacute;p gắn v&agrave;o c&aacute;c loại b&igrave;a cứng một c&aacute;ch nhanh ch&oacute;ng&nbsp;&nbsp;</p>\r\n\r\n<p>&ndash; Loại b&igrave;a mặt ngo&agrave;i l&agrave; simili cao cấp, mặt trong phủ m&agrave;ng giấy gi&uacute;p tăng t&iacute;nh bền chắc v&agrave; kh&ocirc;ng g&acirc;y trơn trượt.</p>\r\n\r\n<p>- B&igrave;a c&aacute;n m&eacute;p bền, &iacute;t bị cong v&ecirc;nh trong thời gian d&agrave;i sử dụng. Kh&oacute;a v&agrave; thanh kẹp giấy bằng th&eacute;p chắc chắn, c&oacute; lớp mạ chống oxi h&oacute;a, dễ th&aacute;o v&agrave; đ&oacute;ng.</p>\r\n\r\n<p><br />\r\n<strong>T&iacute;nh ứng dụng:</strong></p>\r\n\r\n<p>+&nbsp; Giải ph&aacute;p quản l&yacute;, lưu trữ hồ sơ từ h&atilde;ng VPP uy t&iacute;n Nhật Bản.</p>\r\n\r\n<p>+&nbsp; Độ d&agrave;y g&aacute;y b&igrave;a l&agrave; 50mm tức 5 ph&acirc;n, khả năng chứa tối đa 500 tờ t&agrave;i liệu.</p>\r\n\r\n<p>+&nbsp; B&igrave;a F4 c&oacute; thể lưu trữ t&agrave;i liệu thuộc nhiều k&iacute;ch cỡ như: A4, A5, F4&hellip; ph&ugrave; hợp với k&iacute;ch cỡ của c&aacute;c loại giấy tờ hiện nay.</p>\r\n\r\n<p>+&nbsp; Giải ph&aacute;p quản l&yacute;, lưu trữ hồ sơ gọn g&agrave;ng, ngăn nắp cho mọi văn ph&ograve;ng.</p>\r\n\r\n<p>+&nbsp; B&igrave;a m&agrave;u xanh đẹp mắt, dễ ph&acirc;n loại t&agrave;i liệu trong doanh nghiệp.</p>\r\n\r\n<p>&nbsp;</p>\r\n', 50, 0, 4000, 10, '', 3, '2021-12-20', 0),
(97, 'KEO KHÔ FLEXOFFICE FO-G01', '20211221041335bang_keo_4.jpg', '', '<p><strong>M&ocirc; tả</strong></p>\r\n\r\n<p>- Độ trong suốt cao, c&oacute; thể photo trực tiếp</p>\r\n\r\n<p>- Sản phẩm c&oacute; thiết kế lỗ đục</p>\r\n\r\n<p>- Gi&uacute;p gắn v&agrave;o c&aacute;c loại b&igrave;a cứng một c&aacute;ch nhanh ch&oacute;ng</p>\r\n\r\n<p>- Th&ocirc;ng dụng, tiện lợi, dễ d&agrave;ng cất trữ c&aacute;c t&agrave;i liệuB&igrave;a Lỗ Double A với k&iacute;ch thước b&igrave;a A4</p>\r\n\r\n<p>- Th&ocirc;ng dụng, tiện lợi, dễ d&agrave;ng cất trữ c&aacute;c t&agrave;i liệu quan trọng.</p>\r\n\r\n<p>- Sản phẩm c&oacute; thiết kế lỗ đục, gi&uacute;p gắn v&agrave;o c&aacute;c loại b&igrave;a cứng một c&aacute;ch nhanh ch&oacute;ng&nbsp;&nbsp;</p>\r\n\r\n<p>&ndash; Loại b&igrave;a mặt ngo&agrave;i l&agrave; simili cao cấp, mặt trong phủ m&agrave;ng giấy gi&uacute;p tăng t&iacute;nh bền chắc v&agrave; kh&ocirc;ng g&acirc;y trơn trượt.</p>\r\n\r\n<p>- B&igrave;a c&aacute;n m&eacute;p bền, &iacute;t bị cong v&ecirc;nh trong thời gian d&agrave;i sử dụng. Kh&oacute;a v&agrave; thanh kẹp giấy bằng th&eacute;p chắc chắn, c&oacute; lớp mạ chống oxi h&oacute;a, dễ th&aacute;o v&agrave; đ&oacute;ng.</p>\r\n\r\n<p><br />\r\n<strong>T&iacute;nh ứng dụng:</strong></p>\r\n\r\n<p>+&nbsp; Giải ph&aacute;p quản l&yacute;, lưu trữ hồ sơ từ h&atilde;ng VPP uy t&iacute;n Nhật Bản.</p>\r\n\r\n<p>+&nbsp; Độ d&agrave;y g&aacute;y b&igrave;a l&agrave; 50mm tức 5 ph&acirc;n, khả năng chứa tối đa 500 tờ t&agrave;i liệu.</p>\r\n\r\n<p>+&nbsp; B&igrave;a F4 c&oacute; thể lưu trữ t&agrave;i liệu thuộc nhiều k&iacute;ch cỡ như: A4, A5, F4&hellip; ph&ugrave; hợp với k&iacute;ch cỡ của c&aacute;c loại giấy tờ hiện nay.</p>\r\n\r\n<p>+&nbsp; Giải ph&aacute;p quản l&yacute;, lưu trữ hồ sơ gọn g&agrave;ng, ngăn nắp cho mọi văn ph&ograve;ng.</p>\r\n\r\n<p>+&nbsp; B&igrave;a m&agrave;u xanh đẹp mắt, dễ ph&acirc;n loại t&agrave;i liệu trong doanh nghiệp.</p>\r\n\r\n<p>&nbsp;</p>\r\n', 50, 0, 8000, 0, '', 3, '2021-12-20', 0),
(98, 'KẸP GIẤY TRÒN DOUBLE A', '20211221041410kep_giay_1.jpg', '', '<p><strong>M&ocirc; tả</strong></p>\r\n\r\n<p>- Độ trong suốt cao, c&oacute; thể photo trực tiếp</p>\r\n\r\n<p>- Sản phẩm c&oacute; thiết kế lỗ đục</p>\r\n\r\n<p>- Gi&uacute;p gắn v&agrave;o c&aacute;c loại b&igrave;a cứng một c&aacute;ch nhanh ch&oacute;ng</p>\r\n\r\n<p>- Th&ocirc;ng dụng, tiện lợi, dễ d&agrave;ng cất trữ c&aacute;c t&agrave;i liệuB&igrave;a Lỗ Double A với k&iacute;ch thước b&igrave;a A4</p>\r\n\r\n<p>- Th&ocirc;ng dụng, tiện lợi, dễ d&agrave;ng cất trữ c&aacute;c t&agrave;i liệu quan trọng.</p>\r\n\r\n<p>- Sản phẩm c&oacute; thiết kế lỗ đục, gi&uacute;p gắn v&agrave;o c&aacute;c loại b&igrave;a cứng một c&aacute;ch nhanh ch&oacute;ng&nbsp;&nbsp;</p>\r\n\r\n<p>&ndash; Loại b&igrave;a mặt ngo&agrave;i l&agrave; simili cao cấp, mặt trong phủ m&agrave;ng giấy gi&uacute;p tăng t&iacute;nh bền chắc v&agrave; kh&ocirc;ng g&acirc;y trơn trượt.</p>\r\n\r\n<p>- B&igrave;a c&aacute;n m&eacute;p bền, &iacute;t bị cong v&ecirc;nh trong thời gian d&agrave;i sử dụng. Kh&oacute;a v&agrave; thanh kẹp giấy bằng th&eacute;p chắc chắn, c&oacute; lớp mạ chống oxi h&oacute;a, dễ th&aacute;o v&agrave; đ&oacute;ng.</p>\r\n\r\n<p><br />\r\n<strong>T&iacute;nh ứng dụng:</strong></p>\r\n\r\n<p>+&nbsp; Giải ph&aacute;p quản l&yacute;, lưu trữ hồ sơ từ h&atilde;ng VPP uy t&iacute;n Nhật Bản.</p>\r\n\r\n<p>+&nbsp; Độ d&agrave;y g&aacute;y b&igrave;a l&agrave; 50mm tức 5 ph&acirc;n, khả năng chứa tối đa 500 tờ t&agrave;i liệu.</p>\r\n\r\n<p>+&nbsp; B&igrave;a F4 c&oacute; thể lưu trữ t&agrave;i liệu thuộc nhiều k&iacute;ch cỡ như: A4, A5, F4&hellip; ph&ugrave; hợp với k&iacute;ch cỡ của c&aacute;c loại giấy tờ hiện nay.</p>\r\n\r\n<p>+&nbsp; Giải ph&aacute;p quản l&yacute;, lưu trữ hồ sơ gọn g&agrave;ng, ngăn nắp cho mọi văn ph&ograve;ng.</p>\r\n\r\n<p>+&nbsp; B&igrave;a m&agrave;u xanh đẹp mắt, dễ ph&acirc;n loại t&agrave;i liệu trong doanh nghiệp.</p>\r\n\r\n<p>&nbsp;</p>\r\n', 50, 0, 2000, 0, '', 4, '2021-12-20', 0),
(99, 'KẸP GIẤY TAM GIÁC C62', '20211221041454kep_giay_2.jpg', '', '<p><strong>M&ocirc; tả</strong></p>\r\n\r\n<p>- Độ trong suốt cao, c&oacute; thể photo trực tiếp</p>\r\n\r\n<p>- Sản phẩm c&oacute; thiết kế lỗ đục</p>\r\n\r\n<p>- Gi&uacute;p gắn v&agrave;o c&aacute;c loại b&igrave;a cứng một c&aacute;ch nhanh ch&oacute;ng</p>\r\n\r\n<p>- Th&ocirc;ng dụng, tiện lợi, dễ d&agrave;ng cất trữ c&aacute;c t&agrave;i liệuB&igrave;a Lỗ Double A với k&iacute;ch thước b&igrave;a A4</p>\r\n\r\n<p>- Th&ocirc;ng dụng, tiện lợi, dễ d&agrave;ng cất trữ c&aacute;c t&agrave;i liệu quan trọng.</p>\r\n\r\n<p>- Sản phẩm c&oacute; thiết kế lỗ đục, gi&uacute;p gắn v&agrave;o c&aacute;c loại b&igrave;a cứng một c&aacute;ch nhanh ch&oacute;ng&nbsp;&nbsp;</p>\r\n\r\n<p>&ndash; Loại b&igrave;a mặt ngo&agrave;i l&agrave; simili cao cấp, mặt trong phủ m&agrave;ng giấy gi&uacute;p tăng t&iacute;nh bền chắc v&agrave; kh&ocirc;ng g&acirc;y trơn trượt.</p>\r\n\r\n<p>- B&igrave;a c&aacute;n m&eacute;p bền, &iacute;t bị cong v&ecirc;nh trong thời gian d&agrave;i sử dụng. Kh&oacute;a v&agrave; thanh kẹp giấy bằng th&eacute;p chắc chắn, c&oacute; lớp mạ chống oxi h&oacute;a, dễ th&aacute;o v&agrave; đ&oacute;ng.</p>\r\n\r\n<p><br />\r\n<strong>T&iacute;nh ứng dụng:</strong></p>\r\n\r\n<p>+&nbsp; Giải ph&aacute;p quản l&yacute;, lưu trữ hồ sơ từ h&atilde;ng VPP uy t&iacute;n Nhật Bản.</p>\r\n\r\n<p>+&nbsp; Độ d&agrave;y g&aacute;y b&igrave;a l&agrave; 50mm tức 5 ph&acirc;n, khả năng chứa tối đa 500 tờ t&agrave;i liệu.</p>\r\n\r\n<p>+&nbsp; B&igrave;a F4 c&oacute; thể lưu trữ t&agrave;i liệu thuộc nhiều k&iacute;ch cỡ như: A4, A5, F4&hellip; ph&ugrave; hợp với k&iacute;ch cỡ của c&aacute;c loại giấy tờ hiện nay.</p>\r\n\r\n<p>+&nbsp; Giải ph&aacute;p quản l&yacute;, lưu trữ hồ sơ gọn g&agrave;ng, ngăn nắp cho mọi văn ph&ograve;ng.</p>\r\n\r\n<p>+&nbsp; B&igrave;a m&agrave;u xanh đẹp mắt, dễ ph&acirc;n loại t&agrave;i liệu trong doanh nghiệp.</p>\r\n\r\n<p>&nbsp;</p>\r\n', 50, 0, 3000, 0, '', 4, '2021-12-20', 0);
INSERT INTO `sanpham` (`idsp`, `tensp`, `hinhanh`, `mau`, `chitiet`, `soluong`, `daban`, `gia`, `khuyenmai1`, `khuyenmai2`, `madm`, `ngaycapnhat`, `trangthai`) VALUES
(100, 'BẤM KIM 10 DOUBLE A ST-10R', '20211221041520kep_giay_3.jpg', '', '<p><strong>M&ocirc; tả</strong></p>\r\n\r\n<p>- Độ trong suốt cao, c&oacute; thể photo trực tiếp</p>\r\n\r\n<p>- Sản phẩm c&oacute; thiết kế lỗ đục</p>\r\n\r\n<p>- Gi&uacute;p gắn v&agrave;o c&aacute;c loại b&igrave;a cứng một c&aacute;ch nhanh ch&oacute;ng</p>\r\n\r\n<p>- Th&ocirc;ng dụng, tiện lợi, dễ d&agrave;ng cất trữ c&aacute;c t&agrave;i liệuB&igrave;a Lỗ Double A với k&iacute;ch thước b&igrave;a A4</p>\r\n\r\n<p>- Th&ocirc;ng dụng, tiện lợi, dễ d&agrave;ng cất trữ c&aacute;c t&agrave;i liệu quan trọng.</p>\r\n\r\n<p>- Sản phẩm c&oacute; thiết kế lỗ đục, gi&uacute;p gắn v&agrave;o c&aacute;c loại b&igrave;a cứng một c&aacute;ch nhanh ch&oacute;ng&nbsp;&nbsp;</p>\r\n\r\n<p>&ndash; Loại b&igrave;a mặt ngo&agrave;i l&agrave; simili cao cấp, mặt trong phủ m&agrave;ng giấy gi&uacute;p tăng t&iacute;nh bền chắc v&agrave; kh&ocirc;ng g&acirc;y trơn trượt.</p>\r\n\r\n<p>- B&igrave;a c&aacute;n m&eacute;p bền, &iacute;t bị cong v&ecirc;nh trong thời gian d&agrave;i sử dụng. Kh&oacute;a v&agrave; thanh kẹp giấy bằng th&eacute;p chắc chắn, c&oacute; lớp mạ chống oxi h&oacute;a, dễ th&aacute;o v&agrave; đ&oacute;ng.</p>\r\n\r\n<p><br />\r\n<strong>T&iacute;nh ứng dụng:</strong></p>\r\n\r\n<p>+&nbsp; Giải ph&aacute;p quản l&yacute;, lưu trữ hồ sơ từ h&atilde;ng VPP uy t&iacute;n Nhật Bản.</p>\r\n\r\n<p>+&nbsp; Độ d&agrave;y g&aacute;y b&igrave;a l&agrave; 50mm tức 5 ph&acirc;n, khả năng chứa tối đa 500 tờ t&agrave;i liệu.</p>\r\n\r\n<p>+&nbsp; B&igrave;a F4 c&oacute; thể lưu trữ t&agrave;i liệu thuộc nhiều k&iacute;ch cỡ như: A4, A5, F4&hellip; ph&ugrave; hợp với k&iacute;ch cỡ của c&aacute;c loại giấy tờ hiện nay.</p>\r\n\r\n<p>+&nbsp; Giải ph&aacute;p quản l&yacute;, lưu trữ hồ sơ gọn g&agrave;ng, ngăn nắp cho mọi văn ph&ograve;ng.</p>\r\n\r\n<p>+&nbsp; B&igrave;a m&agrave;u xanh đẹp mắt, dễ ph&acirc;n loại t&agrave;i liệu trong doanh nghiệp.</p>\r\n\r\n<p>&nbsp;</p>\r\n', 50, 0, 4000, 0, '', 4, '2021-12-20', 0),
(101, 'BẤM KIM SỐ 3 EAGLE 207', '20211221041626kep_giay_4.jpg', '', '<p><strong>M&ocirc; tả</strong></p>\r\n\r\n<p>- Độ trong suốt cao, c&oacute; thể photo trực tiếp</p>\r\n\r\n<p>- Sản phẩm c&oacute; thiết kế lỗ đục</p>\r\n\r\n<p>- Gi&uacute;p gắn v&agrave;o c&aacute;c loại b&igrave;a cứng một c&aacute;ch nhanh ch&oacute;ng</p>\r\n\r\n<p>- Th&ocirc;ng dụng, tiện lợi, dễ d&agrave;ng cất trữ c&aacute;c t&agrave;i liệuB&igrave;a Lỗ Double A với k&iacute;ch thước b&igrave;a A4</p>\r\n\r\n<p>- Th&ocirc;ng dụng, tiện lợi, dễ d&agrave;ng cất trữ c&aacute;c t&agrave;i liệu quan trọng.</p>\r\n\r\n<p>- Sản phẩm c&oacute; thiết kế lỗ đục, gi&uacute;p gắn v&agrave;o c&aacute;c loại b&igrave;a cứng một c&aacute;ch nhanh ch&oacute;ng&nbsp;&nbsp;</p>\r\n\r\n<p>&ndash; Loại b&igrave;a mặt ngo&agrave;i l&agrave; simili cao cấp, mặt trong phủ m&agrave;ng giấy gi&uacute;p tăng t&iacute;nh bền chắc v&agrave; kh&ocirc;ng g&acirc;y trơn trượt.</p>\r\n\r\n<p>- B&igrave;a c&aacute;n m&eacute;p bền, &iacute;t bị cong v&ecirc;nh trong thời gian d&agrave;i sử dụng. Kh&oacute;a v&agrave; thanh kẹp giấy bằng th&eacute;p chắc chắn, c&oacute; lớp mạ chống oxi h&oacute;a, dễ th&aacute;o v&agrave; đ&oacute;ng.</p>\r\n\r\n<p><br />\r\n<strong>T&iacute;nh ứng dụng:</strong></p>\r\n\r\n<p>+&nbsp; Giải ph&aacute;p quản l&yacute;, lưu trữ hồ sơ từ h&atilde;ng VPP uy t&iacute;n Nhật Bản.</p>\r\n\r\n<p>+&nbsp; Độ d&agrave;y g&aacute;y b&igrave;a l&agrave; 50mm tức 5 ph&acirc;n, khả năng chứa tối đa 500 tờ t&agrave;i liệu.</p>\r\n\r\n<p>+&nbsp; B&igrave;a F4 c&oacute; thể lưu trữ t&agrave;i liệu thuộc nhiều k&iacute;ch cỡ như: A4, A5, F4&hellip; ph&ugrave; hợp với k&iacute;ch cỡ của c&aacute;c loại giấy tờ hiện nay.</p>\r\n\r\n<p>+&nbsp; Giải ph&aacute;p quản l&yacute;, lưu trữ hồ sơ gọn g&agrave;ng, ngăn nắp cho mọi văn ph&ograve;ng.</p>\r\n\r\n<p>+&nbsp; B&igrave;a m&agrave;u xanh đẹp mắt, dễ ph&acirc;n loại t&agrave;i liệu trong doanh nghiệp.</p>\r\n\r\n<p>&nbsp;</p>\r\n', 50, 0, 4000, 0, '', 4, '2021-12-20', 0),
(102, 'THƯỚC NHỰA CỨNG THIÊN LONG 30CM', '20211221041702thuoc_cuc_tay_1.jpg', '', '<p><strong>M&ocirc; tả</strong></p>\r\n\r\n<p>- Độ trong suốt cao, c&oacute; thể photo trực tiếp</p>\r\n\r\n<p>- Sản phẩm c&oacute; thiết kế lỗ đục</p>\r\n\r\n<p>- Gi&uacute;p gắn v&agrave;o c&aacute;c loại b&igrave;a cứng một c&aacute;ch nhanh ch&oacute;ng</p>\r\n\r\n<p>- Th&ocirc;ng dụng, tiện lợi, dễ d&agrave;ng cất trữ c&aacute;c t&agrave;i liệuB&igrave;a Lỗ Double A với k&iacute;ch thước b&igrave;a A4</p>\r\n\r\n<p>- Th&ocirc;ng dụng, tiện lợi, dễ d&agrave;ng cất trữ c&aacute;c t&agrave;i liệu quan trọng.</p>\r\n\r\n<p>- Sản phẩm c&oacute; thiết kế lỗ đục, gi&uacute;p gắn v&agrave;o c&aacute;c loại b&igrave;a cứng một c&aacute;ch nhanh ch&oacute;ng&nbsp;&nbsp;</p>\r\n\r\n<p>&ndash; Loại b&igrave;a mặt ngo&agrave;i l&agrave; simili cao cấp, mặt trong phủ m&agrave;ng giấy gi&uacute;p tăng t&iacute;nh bền chắc v&agrave; kh&ocirc;ng g&acirc;y trơn trượt.</p>\r\n\r\n<p>- B&igrave;a c&aacute;n m&eacute;p bền, &iacute;t bị cong v&ecirc;nh trong thời gian d&agrave;i sử dụng. Kh&oacute;a v&agrave; thanh kẹp giấy bằng th&eacute;p chắc chắn, c&oacute; lớp mạ chống oxi h&oacute;a, dễ th&aacute;o v&agrave; đ&oacute;ng.</p>\r\n\r\n<p><br />\r\n<strong>T&iacute;nh ứng dụng:</strong></p>\r\n\r\n<p>+&nbsp; Giải ph&aacute;p quản l&yacute;, lưu trữ hồ sơ từ h&atilde;ng VPP uy t&iacute;n Nhật Bản.</p>\r\n\r\n<p>+&nbsp; Độ d&agrave;y g&aacute;y b&igrave;a l&agrave; 50mm tức 5 ph&acirc;n, khả năng chứa tối đa 500 tờ t&agrave;i liệu.</p>\r\n\r\n<p>+&nbsp; B&igrave;a F4 c&oacute; thể lưu trữ t&agrave;i liệu thuộc nhiều k&iacute;ch cỡ như: A4, A5, F4&hellip; ph&ugrave; hợp với k&iacute;ch cỡ của c&aacute;c loại giấy tờ hiện nay.</p>\r\n\r\n<p>+&nbsp; Giải ph&aacute;p quản l&yacute;, lưu trữ hồ sơ gọn g&agrave;ng, ngăn nắp cho mọi văn ph&ograve;ng.</p>\r\n\r\n<p>+&nbsp; B&igrave;a m&agrave;u xanh đẹp mắt, dễ ph&acirc;n loại t&agrave;i liệu trong doanh nghiệp.</p>\r\n\r\n<p>&nbsp;</p>\r\n', 50, 0, 4000, 10, '', 5, '2021-12-20', 0),
(103, 'THƯỚC KẺ DẺO 20CM - WIN', '20211221041723thuoc_cuc_tay_2.jpg', '', '<p><strong>M&ocirc; tả</strong></p>\r\n\r\n<p>- Độ trong suốt cao, c&oacute; thể photo trực tiếp</p>\r\n\r\n<p>- Sản phẩm c&oacute; thiết kế lỗ đục</p>\r\n\r\n<p>- Gi&uacute;p gắn v&agrave;o c&aacute;c loại b&igrave;a cứng một c&aacute;ch nhanh ch&oacute;ng</p>\r\n\r\n<p>- Th&ocirc;ng dụng, tiện lợi, dễ d&agrave;ng cất trữ c&aacute;c t&agrave;i liệuB&igrave;a Lỗ Double A với k&iacute;ch thước b&igrave;a A4</p>\r\n\r\n<p>- Th&ocirc;ng dụng, tiện lợi, dễ d&agrave;ng cất trữ c&aacute;c t&agrave;i liệu quan trọng.</p>\r\n\r\n<p>- Sản phẩm c&oacute; thiết kế lỗ đục, gi&uacute;p gắn v&agrave;o c&aacute;c loại b&igrave;a cứng một c&aacute;ch nhanh ch&oacute;ng&nbsp;&nbsp;</p>\r\n\r\n<p>&ndash; Loại b&igrave;a mặt ngo&agrave;i l&agrave; simili cao cấp, mặt trong phủ m&agrave;ng giấy gi&uacute;p tăng t&iacute;nh bền chắc v&agrave; kh&ocirc;ng g&acirc;y trơn trượt.</p>\r\n\r\n<p>- B&igrave;a c&aacute;n m&eacute;p bền, &iacute;t bị cong v&ecirc;nh trong thời gian d&agrave;i sử dụng. Kh&oacute;a v&agrave; thanh kẹp giấy bằng th&eacute;p chắc chắn, c&oacute; lớp mạ chống oxi h&oacute;a, dễ th&aacute;o v&agrave; đ&oacute;ng.</p>\r\n\r\n<p><br />\r\n<strong>T&iacute;nh ứng dụng:</strong></p>\r\n\r\n<p>+&nbsp; Giải ph&aacute;p quản l&yacute;, lưu trữ hồ sơ từ h&atilde;ng VPP uy t&iacute;n Nhật Bản.</p>\r\n\r\n<p>+&nbsp; Độ d&agrave;y g&aacute;y b&igrave;a l&agrave; 50mm tức 5 ph&acirc;n, khả năng chứa tối đa 500 tờ t&agrave;i liệu.</p>\r\n\r\n<p>+&nbsp; B&igrave;a F4 c&oacute; thể lưu trữ t&agrave;i liệu thuộc nhiều k&iacute;ch cỡ như: A4, A5, F4&hellip; ph&ugrave; hợp với k&iacute;ch cỡ của c&aacute;c loại giấy tờ hiện nay.</p>\r\n\r\n<p>+&nbsp; Giải ph&aacute;p quản l&yacute;, lưu trữ hồ sơ gọn g&agrave;ng, ngăn nắp cho mọi văn ph&ograve;ng.</p>\r\n\r\n<p>+&nbsp; B&igrave;a m&agrave;u xanh đẹp mắt, dễ ph&acirc;n loại t&agrave;i liệu trong doanh nghiệp.</p>\r\n\r\n<p>&nbsp;</p>\r\n', 50, 0, 4000, 0, '', 5, '2021-12-20', 0),
(104, 'THƯỚC NHỰA CỨNG THIÊN LONG 20CM', '20211221041745thuoc_cuc_tay_3.jpg', '', '<p><strong>M&ocirc; tả</strong></p>\r\n\r\n<p>- Độ trong suốt cao, c&oacute; thể photo trực tiếp</p>\r\n\r\n<p>- Sản phẩm c&oacute; thiết kế lỗ đục</p>\r\n\r\n<p>- Gi&uacute;p gắn v&agrave;o c&aacute;c loại b&igrave;a cứng một c&aacute;ch nhanh ch&oacute;ng</p>\r\n\r\n<p>- Th&ocirc;ng dụng, tiện lợi, dễ d&agrave;ng cất trữ c&aacute;c t&agrave;i liệuB&igrave;a Lỗ Double A với k&iacute;ch thước b&igrave;a A4</p>\r\n\r\n<p>- Th&ocirc;ng dụng, tiện lợi, dễ d&agrave;ng cất trữ c&aacute;c t&agrave;i liệu quan trọng.</p>\r\n\r\n<p>- Sản phẩm c&oacute; thiết kế lỗ đục, gi&uacute;p gắn v&agrave;o c&aacute;c loại b&igrave;a cứng một c&aacute;ch nhanh ch&oacute;ng&nbsp;&nbsp;</p>\r\n\r\n<p>&ndash; Loại b&igrave;a mặt ngo&agrave;i l&agrave; simili cao cấp, mặt trong phủ m&agrave;ng giấy gi&uacute;p tăng t&iacute;nh bền chắc v&agrave; kh&ocirc;ng g&acirc;y trơn trượt.</p>\r\n\r\n<p>- B&igrave;a c&aacute;n m&eacute;p bền, &iacute;t bị cong v&ecirc;nh trong thời gian d&agrave;i sử dụng. Kh&oacute;a v&agrave; thanh kẹp giấy bằng th&eacute;p chắc chắn, c&oacute; lớp mạ chống oxi h&oacute;a, dễ th&aacute;o v&agrave; đ&oacute;ng.</p>\r\n\r\n<p><br />\r\n<strong>T&iacute;nh ứng dụng:</strong></p>\r\n\r\n<p>+&nbsp; Giải ph&aacute;p quản l&yacute;, lưu trữ hồ sơ từ h&atilde;ng VPP uy t&iacute;n Nhật Bản.</p>\r\n\r\n<p>+&nbsp; Độ d&agrave;y g&aacute;y b&igrave;a l&agrave; 50mm tức 5 ph&acirc;n, khả năng chứa tối đa 500 tờ t&agrave;i liệu.</p>\r\n\r\n<p>+&nbsp; B&igrave;a F4 c&oacute; thể lưu trữ t&agrave;i liệu thuộc nhiều k&iacute;ch cỡ như: A4, A5, F4&hellip; ph&ugrave; hợp với k&iacute;ch cỡ của c&aacute;c loại giấy tờ hiện nay.</p>\r\n\r\n<p>+&nbsp; Giải ph&aacute;p quản l&yacute;, lưu trữ hồ sơ gọn g&agrave;ng, ngăn nắp cho mọi văn ph&ograve;ng.</p>\r\n\r\n<p>+&nbsp; B&igrave;a m&agrave;u xanh đẹp mắt, dễ ph&acirc;n loại t&agrave;i liệu trong doanh nghiệp.</p>\r\n\r\n<p>&nbsp;</p>\r\n', 50, 0, 4000, 0, '', 5, '2021-12-20', 0),
(105, 'GÔM-CỤC TẨY', '20211221041807thuoc_cuc_tay_4.jpg', '', '<p><strong>M&ocirc; tả</strong></p>\r\n\r\n<p>- Độ trong suốt cao, c&oacute; thể photo trực tiếp</p>\r\n\r\n<p>- Sản phẩm c&oacute; thiết kế lỗ đục</p>\r\n\r\n<p>- Gi&uacute;p gắn v&agrave;o c&aacute;c loại b&igrave;a cứng một c&aacute;ch nhanh ch&oacute;ng</p>\r\n\r\n<p>- Th&ocirc;ng dụng, tiện lợi, dễ d&agrave;ng cất trữ c&aacute;c t&agrave;i liệuB&igrave;a Lỗ Double A với k&iacute;ch thước b&igrave;a A4</p>\r\n\r\n<p>- Th&ocirc;ng dụng, tiện lợi, dễ d&agrave;ng cất trữ c&aacute;c t&agrave;i liệu quan trọng.</p>\r\n\r\n<p>- Sản phẩm c&oacute; thiết kế lỗ đục, gi&uacute;p gắn v&agrave;o c&aacute;c loại b&igrave;a cứng một c&aacute;ch nhanh ch&oacute;ng&nbsp;&nbsp;</p>\r\n\r\n<p>&ndash; Loại b&igrave;a mặt ngo&agrave;i l&agrave; simili cao cấp, mặt trong phủ m&agrave;ng giấy gi&uacute;p tăng t&iacute;nh bền chắc v&agrave; kh&ocirc;ng g&acirc;y trơn trượt.</p>\r\n\r\n<p>- B&igrave;a c&aacute;n m&eacute;p bền, &iacute;t bị cong v&ecirc;nh trong thời gian d&agrave;i sử dụng. Kh&oacute;a v&agrave; thanh kẹp giấy bằng th&eacute;p chắc chắn, c&oacute; lớp mạ chống oxi h&oacute;a, dễ th&aacute;o v&agrave; đ&oacute;ng.</p>\r\n\r\n<p><br />\r\n<strong>T&iacute;nh ứng dụng:</strong></p>\r\n\r\n<p>+&nbsp; Giải ph&aacute;p quản l&yacute;, lưu trữ hồ sơ từ h&atilde;ng VPP uy t&iacute;n Nhật Bản.</p>\r\n\r\n<p>+&nbsp; Độ d&agrave;y g&aacute;y b&igrave;a l&agrave; 50mm tức 5 ph&acirc;n, khả năng chứa tối đa 500 tờ t&agrave;i liệu.</p>\r\n\r\n<p>+&nbsp; B&igrave;a F4 c&oacute; thể lưu trữ t&agrave;i liệu thuộc nhiều k&iacute;ch cỡ như: A4, A5, F4&hellip; ph&ugrave; hợp với k&iacute;ch cỡ của c&aacute;c loại giấy tờ hiện nay.</p>\r\n\r\n<p>+&nbsp; Giải ph&aacute;p quản l&yacute;, lưu trữ hồ sơ gọn g&agrave;ng, ngăn nắp cho mọi văn ph&ograve;ng.</p>\r\n\r\n<p>+&nbsp; B&igrave;a m&agrave;u xanh đẹp mắt, dễ ph&acirc;n loại t&agrave;i liệu trong doanh nghiệp.</p>\r\n\r\n<p>&nbsp;</p>\r\n', 50, 3, 3000, 0, '', 5, '2021-12-20', 0),
(106, 'GÔM-CỤC TẨY COMPRO', '20211221041830thuoc_cuc_tay_5.jpg', '', '<p><strong>M&ocirc; tả</strong></p>\r\n\r\n<p>- Độ trong suốt cao, c&oacute; thể photo trực tiếp</p>\r\n\r\n<p>- Sản phẩm c&oacute; thiết kế lỗ đục</p>\r\n\r\n<p>- Gi&uacute;p gắn v&agrave;o c&aacute;c loại b&igrave;a cứng một c&aacute;ch nhanh ch&oacute;ng</p>\r\n\r\n<p>- Th&ocirc;ng dụng, tiện lợi, dễ d&agrave;ng cất trữ c&aacute;c t&agrave;i liệuB&igrave;a Lỗ Double A với k&iacute;ch thước b&igrave;a A4</p>\r\n\r\n<p>- Th&ocirc;ng dụng, tiện lợi, dễ d&agrave;ng cất trữ c&aacute;c t&agrave;i liệu quan trọng.</p>\r\n\r\n<p>- Sản phẩm c&oacute; thiết kế lỗ đục, gi&uacute;p gắn v&agrave;o c&aacute;c loại b&igrave;a cứng một c&aacute;ch nhanh ch&oacute;ng&nbsp;&nbsp;</p>\r\n\r\n<p>&ndash; Loại b&igrave;a mặt ngo&agrave;i l&agrave; simili cao cấp, mặt trong phủ m&agrave;ng giấy gi&uacute;p tăng t&iacute;nh bền chắc v&agrave; kh&ocirc;ng g&acirc;y trơn trượt.</p>\r\n\r\n<p>- B&igrave;a c&aacute;n m&eacute;p bền, &iacute;t bị cong v&ecirc;nh trong thời gian d&agrave;i sử dụng. Kh&oacute;a v&agrave; thanh kẹp giấy bằng th&eacute;p chắc chắn, c&oacute; lớp mạ chống oxi h&oacute;a, dễ th&aacute;o v&agrave; đ&oacute;ng.</p>\r\n\r\n<p><br />\r\n<strong>T&iacute;nh ứng dụng:</strong></p>\r\n\r\n<p>+&nbsp; Giải ph&aacute;p quản l&yacute;, lưu trữ hồ sơ từ h&atilde;ng VPP uy t&iacute;n Nhật Bản.</p>\r\n\r\n<p>+&nbsp; Độ d&agrave;y g&aacute;y b&igrave;a l&agrave; 50mm tức 5 ph&acirc;n, khả năng chứa tối đa 500 tờ t&agrave;i liệu.</p>\r\n\r\n<p>+&nbsp; B&igrave;a F4 c&oacute; thể lưu trữ t&agrave;i liệu thuộc nhiều k&iacute;ch cỡ như: A4, A5, F4&hellip; ph&ugrave; hợp với k&iacute;ch cỡ của c&aacute;c loại giấy tờ hiện nay.</p>\r\n\r\n<p>+&nbsp; Giải ph&aacute;p quản l&yacute;, lưu trữ hồ sơ gọn g&agrave;ng, ngăn nắp cho mọi văn ph&ograve;ng.</p>\r\n\r\n<p>+&nbsp; B&igrave;a m&agrave;u xanh đẹp mắt, dễ ph&acirc;n loại t&agrave;i liệu trong doanh nghiệp.</p>\r\n\r\n<p>&nbsp;</p>\r\n', 50, 4, 3000, 0, '', 5, '2021-12-20', 0),
(107, 'KỆ RỔ XÉO NHỰA 1 NGĂN', '20211221041907khay_ke_1.jpg', '', '<p><strong>M&ocirc; tả</strong></p>\r\n\r\n<p>- Độ trong suốt cao, c&oacute; thể photo trực tiếp</p>\r\n\r\n<p>- Sản phẩm c&oacute; thiết kế lỗ đục</p>\r\n\r\n<p>- Gi&uacute;p gắn v&agrave;o c&aacute;c loại b&igrave;a cứng một c&aacute;ch nhanh ch&oacute;ng</p>\r\n\r\n<p>- Th&ocirc;ng dụng, tiện lợi, dễ d&agrave;ng cất trữ c&aacute;c t&agrave;i liệuB&igrave;a Lỗ Double A với k&iacute;ch thước b&igrave;a A4</p>\r\n\r\n<p>- Th&ocirc;ng dụng, tiện lợi, dễ d&agrave;ng cất trữ c&aacute;c t&agrave;i liệu quan trọng.</p>\r\n\r\n<p>- Sản phẩm c&oacute; thiết kế lỗ đục, gi&uacute;p gắn v&agrave;o c&aacute;c loại b&igrave;a cứng một c&aacute;ch nhanh ch&oacute;ng&nbsp;&nbsp;</p>\r\n\r\n<p>&ndash; Loại b&igrave;a mặt ngo&agrave;i l&agrave; simili cao cấp, mặt trong phủ m&agrave;ng giấy gi&uacute;p tăng t&iacute;nh bền chắc v&agrave; kh&ocirc;ng g&acirc;y trơn trượt.</p>\r\n\r\n<p>- B&igrave;a c&aacute;n m&eacute;p bền, &iacute;t bị cong v&ecirc;nh trong thời gian d&agrave;i sử dụng. Kh&oacute;a v&agrave; thanh kẹp giấy bằng th&eacute;p chắc chắn, c&oacute; lớp mạ chống oxi h&oacute;a, dễ th&aacute;o v&agrave; đ&oacute;ng.</p>\r\n\r\n<p><br />\r\n<strong>T&iacute;nh ứng dụng:</strong></p>\r\n\r\n<p>+&nbsp; Giải ph&aacute;p quản l&yacute;, lưu trữ hồ sơ từ h&atilde;ng VPP uy t&iacute;n Nhật Bản.</p>\r\n\r\n<p>+&nbsp; Độ d&agrave;y g&aacute;y b&igrave;a l&agrave; 50mm tức 5 ph&acirc;n, khả năng chứa tối đa 500 tờ t&agrave;i liệu.</p>\r\n\r\n<p>+&nbsp; B&igrave;a F4 c&oacute; thể lưu trữ t&agrave;i liệu thuộc nhiều k&iacute;ch cỡ như: A4, A5, F4&hellip; ph&ugrave; hợp với k&iacute;ch cỡ của c&aacute;c loại giấy tờ hiện nay.</p>\r\n\r\n<p>+&nbsp; Giải ph&aacute;p quản l&yacute;, lưu trữ hồ sơ gọn g&agrave;ng, ngăn nắp cho mọi văn ph&ograve;ng.</p>\r\n\r\n<p>+&nbsp; B&igrave;a m&agrave;u xanh đẹp mắt, dễ ph&acirc;n loại t&agrave;i liệu trong doanh nghiệp.</p>\r\n\r\n<p>&nbsp;</p>\r\n', 50, 0, 20000, 20, '', 7, '2021-12-20', 0),
(108, 'KỆ MICA TRƯỢT 3 TẦNG XUKIVA 169-3', '20211221041947khay_ke_2.jpg', '', '<p><strong>M&ocirc; tả</strong></p>\r\n\r\n<p>- Độ trong suốt cao, c&oacute; thể photo trực tiếp</p>\r\n\r\n<p>- Sản phẩm c&oacute; thiết kế lỗ đục</p>\r\n\r\n<p>- Gi&uacute;p gắn v&agrave;o c&aacute;c loại b&igrave;a cứng một c&aacute;ch nhanh ch&oacute;ng</p>\r\n\r\n<p>- Th&ocirc;ng dụng, tiện lợi, dễ d&agrave;ng cất trữ c&aacute;c t&agrave;i liệuB&igrave;a Lỗ Double A với k&iacute;ch thước b&igrave;a A4</p>\r\n\r\n<p>- Th&ocirc;ng dụng, tiện lợi, dễ d&agrave;ng cất trữ c&aacute;c t&agrave;i liệu quan trọng.</p>\r\n\r\n<p>- Sản phẩm c&oacute; thiết kế lỗ đục, gi&uacute;p gắn v&agrave;o c&aacute;c loại b&igrave;a cứng một c&aacute;ch nhanh ch&oacute;ng&nbsp;&nbsp;</p>\r\n\r\n<p>&ndash; Loại b&igrave;a mặt ngo&agrave;i l&agrave; simili cao cấp, mặt trong phủ m&agrave;ng giấy gi&uacute;p tăng t&iacute;nh bền chắc v&agrave; kh&ocirc;ng g&acirc;y trơn trượt.</p>\r\n\r\n<p>- B&igrave;a c&aacute;n m&eacute;p bền, &iacute;t bị cong v&ecirc;nh trong thời gian d&agrave;i sử dụng. Kh&oacute;a v&agrave; thanh kẹp giấy bằng th&eacute;p chắc chắn, c&oacute; lớp mạ chống oxi h&oacute;a, dễ th&aacute;o v&agrave; đ&oacute;ng.</p>\r\n\r\n<p><br />\r\n<strong>T&iacute;nh ứng dụng:</strong></p>\r\n\r\n<p>+&nbsp; Giải ph&aacute;p quản l&yacute;, lưu trữ hồ sơ từ h&atilde;ng VPP uy t&iacute;n Nhật Bản.</p>\r\n\r\n<p>+&nbsp; Độ d&agrave;y g&aacute;y b&igrave;a l&agrave; 50mm tức 5 ph&acirc;n, khả năng chứa tối đa 500 tờ t&agrave;i liệu.</p>\r\n\r\n<p>+&nbsp; B&igrave;a F4 c&oacute; thể lưu trữ t&agrave;i liệu thuộc nhiều k&iacute;ch cỡ như: A4, A5, F4&hellip; ph&ugrave; hợp với k&iacute;ch cỡ của c&aacute;c loại giấy tờ hiện nay.</p>\r\n\r\n<p>+&nbsp; Giải ph&aacute;p quản l&yacute;, lưu trữ hồ sơ gọn g&agrave;ng, ngăn nắp cho mọi văn ph&ograve;ng.</p>\r\n\r\n<p>+&nbsp; B&igrave;a m&agrave;u xanh đẹp mắt, dễ ph&acirc;n loại t&agrave;i liệu trong doanh nghiệp.</p>\r\n\r\n<p>&nbsp;</p>\r\n', 50, 1, 21000, 10, '', 7, '2021-12-20', 0),
(109, 'BÌA HỘP ABBA SI A4 10F', '20211221042336khay_ke_3.jpg', '', '<p><strong>M&ocirc; tả</strong></p>\r\n\r\n<p>- Độ trong suốt cao, c&oacute; thể photo trực tiếp</p>\r\n\r\n<p>- Sản phẩm c&oacute; thiết kế lỗ đục</p>\r\n\r\n<p>- Gi&uacute;p gắn v&agrave;o c&aacute;c loại b&igrave;a cứng một c&aacute;ch nhanh ch&oacute;ng</p>\r\n\r\n<p>- Th&ocirc;ng dụng, tiện lợi, dễ d&agrave;ng cất trữ c&aacute;c t&agrave;i liệuB&igrave;a Lỗ Double A với k&iacute;ch thước b&igrave;a A4</p>\r\n\r\n<p>- Th&ocirc;ng dụng, tiện lợi, dễ d&agrave;ng cất trữ c&aacute;c t&agrave;i liệu quan trọng.</p>\r\n\r\n<p>- Sản phẩm c&oacute; thiết kế lỗ đục, gi&uacute;p gắn v&agrave;o c&aacute;c loại b&igrave;a cứng một c&aacute;ch nhanh ch&oacute;ng&nbsp;&nbsp;</p>\r\n\r\n<p>&ndash; Loại b&igrave;a mặt ngo&agrave;i l&agrave; simili cao cấp, mặt trong phủ m&agrave;ng giấy gi&uacute;p tăng t&iacute;nh bền chắc v&agrave; kh&ocirc;ng g&acirc;y trơn trượt.</p>\r\n\r\n<p>- B&igrave;a c&aacute;n m&eacute;p bền, &iacute;t bị cong v&ecirc;nh trong thời gian d&agrave;i sử dụng. Kh&oacute;a v&agrave; thanh kẹp giấy bằng th&eacute;p chắc chắn, c&oacute; lớp mạ chống oxi h&oacute;a, dễ th&aacute;o v&agrave; đ&oacute;ng.</p>\r\n\r\n<p><br />\r\n<strong>T&iacute;nh ứng dụng:</strong></p>\r\n\r\n<p>+&nbsp; Giải ph&aacute;p quản l&yacute;, lưu trữ hồ sơ từ h&atilde;ng VPP uy t&iacute;n Nhật Bản.</p>\r\n\r\n<p>+&nbsp; Độ d&agrave;y g&aacute;y b&igrave;a l&agrave; 50mm tức 5 ph&acirc;n, khả năng chứa tối đa 500 tờ t&agrave;i liệu.</p>\r\n\r\n<p>+&nbsp; B&igrave;a F4 c&oacute; thể lưu trữ t&agrave;i liệu thuộc nhiều k&iacute;ch cỡ như: A4, A5, F4&hellip; ph&ugrave; hợp với k&iacute;ch cỡ của c&aacute;c loại giấy tờ hiện nay.</p>\r\n\r\n<p>+&nbsp; Giải ph&aacute;p quản l&yacute;, lưu trữ hồ sơ gọn g&agrave;ng, ngăn nắp cho mọi văn ph&ograve;ng.</p>\r\n\r\n<p>+&nbsp; B&igrave;a m&agrave;u xanh đẹp mắt, dễ ph&acirc;n loại t&agrave;i liệu trong doanh nghiệp.</p>\r\n\r\n<p>&nbsp;</p>\r\n', 50, 0, 20000, 10, '', 7, '2021-12-20', 0),
(110, 'BÌA CÒNG PLUS F4 7CM', '20211221042402khay_ke_4.jpg', '', '<p><strong>M&ocirc; tả</strong></p>\r\n\r\n<p>- Độ trong suốt cao, c&oacute; thể photo trực tiếp</p>\r\n\r\n<p>- Sản phẩm c&oacute; thiết kế lỗ đục</p>\r\n\r\n<p>- Gi&uacute;p gắn v&agrave;o c&aacute;c loại b&igrave;a cứng một c&aacute;ch nhanh ch&oacute;ng</p>\r\n\r\n<p>- Th&ocirc;ng dụng, tiện lợi, dễ d&agrave;ng cất trữ c&aacute;c t&agrave;i liệuB&igrave;a Lỗ Double A với k&iacute;ch thước b&igrave;a A4</p>\r\n\r\n<p>- Th&ocirc;ng dụng, tiện lợi, dễ d&agrave;ng cất trữ c&aacute;c t&agrave;i liệu quan trọng.</p>\r\n\r\n<p>- Sản phẩm c&oacute; thiết kế lỗ đục, gi&uacute;p gắn v&agrave;o c&aacute;c loại b&igrave;a cứng một c&aacute;ch nhanh ch&oacute;ng&nbsp;&nbsp;</p>\r\n\r\n<p>&ndash; Loại b&igrave;a mặt ngo&agrave;i l&agrave; simili cao cấp, mặt trong phủ m&agrave;ng giấy gi&uacute;p tăng t&iacute;nh bền chắc v&agrave; kh&ocirc;ng g&acirc;y trơn trượt.</p>\r\n\r\n<p>- B&igrave;a c&aacute;n m&eacute;p bền, &iacute;t bị cong v&ecirc;nh trong thời gian d&agrave;i sử dụng. Kh&oacute;a v&agrave; thanh kẹp giấy bằng th&eacute;p chắc chắn, c&oacute; lớp mạ chống oxi h&oacute;a, dễ th&aacute;o v&agrave; đ&oacute;ng.</p>\r\n\r\n<p><br />\r\n<strong>T&iacute;nh ứng dụng:</strong></p>\r\n\r\n<p>+&nbsp; Giải ph&aacute;p quản l&yacute;, lưu trữ hồ sơ từ h&atilde;ng VPP uy t&iacute;n Nhật Bản.</p>\r\n\r\n<p>+&nbsp; Độ d&agrave;y g&aacute;y b&igrave;a l&agrave; 50mm tức 5 ph&acirc;n, khả năng chứa tối đa 500 tờ t&agrave;i liệu.</p>\r\n\r\n<p>+&nbsp; B&igrave;a F4 c&oacute; thể lưu trữ t&agrave;i liệu thuộc nhiều k&iacute;ch cỡ như: A4, A5, F4&hellip; ph&ugrave; hợp với k&iacute;ch cỡ của c&aacute;c loại giấy tờ hiện nay.</p>\r\n\r\n<p>+&nbsp; Giải ph&aacute;p quản l&yacute;, lưu trữ hồ sơ gọn g&agrave;ng, ngăn nắp cho mọi văn ph&ograve;ng.</p>\r\n\r\n<p>+&nbsp; B&igrave;a m&agrave;u xanh đẹp mắt, dễ ph&acirc;n loại t&agrave;i liệu trong doanh nghiệp.</p>\r\n\r\n<p>&nbsp;</p>\r\n', 50, 0, 20000, 0, '', 7, '2021-12-20', 0),
(111, 'Mực in chuyên dụng LaserJet', '20211221042438muc_in_1.jpg', '', '<p><strong>M&ocirc; tả</strong></p>\r\n\r\n<p>- Độ trong suốt cao, c&oacute; thể photo trực tiếp</p>\r\n\r\n<p>- Sản phẩm c&oacute; thiết kế lỗ đục</p>\r\n\r\n<p>- Gi&uacute;p gắn v&agrave;o c&aacute;c loại b&igrave;a cứng một c&aacute;ch nhanh ch&oacute;ng</p>\r\n\r\n<p>- Th&ocirc;ng dụng, tiện lợi, dễ d&agrave;ng cất trữ c&aacute;c t&agrave;i liệuB&igrave;a Lỗ Double A với k&iacute;ch thước b&igrave;a A4</p>\r\n\r\n<p>- Th&ocirc;ng dụng, tiện lợi, dễ d&agrave;ng cất trữ c&aacute;c t&agrave;i liệu quan trọng.</p>\r\n\r\n<p>- Sản phẩm c&oacute; thiết kế lỗ đục, gi&uacute;p gắn v&agrave;o c&aacute;c loại b&igrave;a cứng một c&aacute;ch nhanh ch&oacute;ng&nbsp;&nbsp;</p>\r\n\r\n<p>&ndash; Loại b&igrave;a mặt ngo&agrave;i l&agrave; simili cao cấp, mặt trong phủ m&agrave;ng giấy gi&uacute;p tăng t&iacute;nh bền chắc v&agrave; kh&ocirc;ng g&acirc;y trơn trượt.</p>\r\n\r\n<p>- B&igrave;a c&aacute;n m&eacute;p bền, &iacute;t bị cong v&ecirc;nh trong thời gian d&agrave;i sử dụng. Kh&oacute;a v&agrave; thanh kẹp giấy bằng th&eacute;p chắc chắn, c&oacute; lớp mạ chống oxi h&oacute;a, dễ th&aacute;o v&agrave; đ&oacute;ng.</p>\r\n\r\n<p><br />\r\n<strong>T&iacute;nh ứng dụng:</strong></p>\r\n\r\n<p>+&nbsp; Giải ph&aacute;p quản l&yacute;, lưu trữ hồ sơ từ h&atilde;ng VPP uy t&iacute;n Nhật Bản.</p>\r\n\r\n<p>+&nbsp; Độ d&agrave;y g&aacute;y b&igrave;a l&agrave; 50mm tức 5 ph&acirc;n, khả năng chứa tối đa 500 tờ t&agrave;i liệu.</p>\r\n\r\n<p>+&nbsp; B&igrave;a F4 c&oacute; thể lưu trữ t&agrave;i liệu thuộc nhiều k&iacute;ch cỡ như: A4, A5, F4&hellip; ph&ugrave; hợp với k&iacute;ch cỡ của c&aacute;c loại giấy tờ hiện nay.</p>\r\n\r\n<p>+&nbsp; Giải ph&aacute;p quản l&yacute;, lưu trữ hồ sơ gọn g&agrave;ng, ngăn nắp cho mọi văn ph&ograve;ng.</p>\r\n\r\n<p>+&nbsp; B&igrave;a m&agrave;u xanh đẹp mắt, dễ ph&acirc;n loại t&agrave;i liệu trong doanh nghiệp.</p>\r\n\r\n<p>&nbsp;</p>\r\n', 50, 0, 25000, 20, '', 11, '2021-12-20', 0),
(112, 'Mực chính hãng HP 108A', '20211221042518muc_in_2.jpg', '', '<p><strong>M&ocirc; tả</strong></p>\r\n\r\n<p>- Độ trong suốt cao, c&oacute; thể photo trực tiếp</p>\r\n\r\n<p>- Sản phẩm c&oacute; thiết kế lỗ đục</p>\r\n\r\n<p>- Gi&uacute;p gắn v&agrave;o c&aacute;c loại b&igrave;a cứng một c&aacute;ch nhanh ch&oacute;ng</p>\r\n\r\n<p>- Th&ocirc;ng dụng, tiện lợi, dễ d&agrave;ng cất trữ c&aacute;c t&agrave;i liệuB&igrave;a Lỗ Double A với k&iacute;ch thước b&igrave;a A4</p>\r\n\r\n<p>- Th&ocirc;ng dụng, tiện lợi, dễ d&agrave;ng cất trữ c&aacute;c t&agrave;i liệu quan trọng.</p>\r\n\r\n<p>- Sản phẩm c&oacute; thiết kế lỗ đục, gi&uacute;p gắn v&agrave;o c&aacute;c loại b&igrave;a cứng một c&aacute;ch nhanh ch&oacute;ng&nbsp;&nbsp;</p>\r\n\r\n<p>&ndash; Loại b&igrave;a mặt ngo&agrave;i l&agrave; simili cao cấp, mặt trong phủ m&agrave;ng giấy gi&uacute;p tăng t&iacute;nh bền chắc v&agrave; kh&ocirc;ng g&acirc;y trơn trượt.</p>\r\n\r\n<p>- B&igrave;a c&aacute;n m&eacute;p bền, &iacute;t bị cong v&ecirc;nh trong thời gian d&agrave;i sử dụng. Kh&oacute;a v&agrave; thanh kẹp giấy bằng th&eacute;p chắc chắn, c&oacute; lớp mạ chống oxi h&oacute;a, dễ th&aacute;o v&agrave; đ&oacute;ng.</p>\r\n\r\n<p><br />\r\n<strong>T&iacute;nh ứng dụng:</strong></p>\r\n\r\n<p>+&nbsp; Giải ph&aacute;p quản l&yacute;, lưu trữ hồ sơ từ h&atilde;ng VPP uy t&iacute;n Nhật Bản.</p>\r\n\r\n<p>+&nbsp; Độ d&agrave;y g&aacute;y b&igrave;a l&agrave; 50mm tức 5 ph&acirc;n, khả năng chứa tối đa 500 tờ t&agrave;i liệu.</p>\r\n\r\n<p>+&nbsp; B&igrave;a F4 c&oacute; thể lưu trữ t&agrave;i liệu thuộc nhiều k&iacute;ch cỡ như: A4, A5, F4&hellip; ph&ugrave; hợp với k&iacute;ch cỡ của c&aacute;c loại giấy tờ hiện nay.</p>\r\n\r\n<p>+&nbsp; Giải ph&aacute;p quản l&yacute;, lưu trữ hồ sơ gọn g&agrave;ng, ngăn nắp cho mọi văn ph&ograve;ng.</p>\r\n\r\n<p>+&nbsp; B&igrave;a m&agrave;u xanh đẹp mắt, dễ ph&acirc;n loại t&agrave;i liệu trong doanh nghiệp.</p>\r\n\r\n<p>&nbsp;</p>\r\n', 50, 0, 21000, 0, '', 11, '2021-12-20', 0),
(113, 'Mực in phun Brother', '20211221042542muc_in_3.jpg', '', '<p><strong>M&ocirc; tả</strong></p>\r\n\r\n<p>- Độ trong suốt cao, c&oacute; thể photo trực tiếp</p>\r\n\r\n<p>- Sản phẩm c&oacute; thiết kế lỗ đục</p>\r\n\r\n<p>- Gi&uacute;p gắn v&agrave;o c&aacute;c loại b&igrave;a cứng một c&aacute;ch nhanh ch&oacute;ng</p>\r\n\r\n<p>- Th&ocirc;ng dụng, tiện lợi, dễ d&agrave;ng cất trữ c&aacute;c t&agrave;i liệuB&igrave;a Lỗ Double A với k&iacute;ch thước b&igrave;a A4</p>\r\n\r\n<p>- Th&ocirc;ng dụng, tiện lợi, dễ d&agrave;ng cất trữ c&aacute;c t&agrave;i liệu quan trọng.</p>\r\n\r\n<p>- Sản phẩm c&oacute; thiết kế lỗ đục, gi&uacute;p gắn v&agrave;o c&aacute;c loại b&igrave;a cứng một c&aacute;ch nhanh ch&oacute;ng&nbsp;&nbsp;</p>\r\n\r\n<p>&ndash; Loại b&igrave;a mặt ngo&agrave;i l&agrave; simili cao cấp, mặt trong phủ m&agrave;ng giấy gi&uacute;p tăng t&iacute;nh bền chắc v&agrave; kh&ocirc;ng g&acirc;y trơn trượt.</p>\r\n\r\n<p>- B&igrave;a c&aacute;n m&eacute;p bền, &iacute;t bị cong v&ecirc;nh trong thời gian d&agrave;i sử dụng. Kh&oacute;a v&agrave; thanh kẹp giấy bằng th&eacute;p chắc chắn, c&oacute; lớp mạ chống oxi h&oacute;a, dễ th&aacute;o v&agrave; đ&oacute;ng.</p>\r\n\r\n<p><br />\r\n<strong>T&iacute;nh ứng dụng:</strong></p>\r\n\r\n<p>+&nbsp; Giải ph&aacute;p quản l&yacute;, lưu trữ hồ sơ từ h&atilde;ng VPP uy t&iacute;n Nhật Bản.</p>\r\n\r\n<p>+&nbsp; Độ d&agrave;y g&aacute;y b&igrave;a l&agrave; 50mm tức 5 ph&acirc;n, khả năng chứa tối đa 500 tờ t&agrave;i liệu.</p>\r\n\r\n<p>+&nbsp; B&igrave;a F4 c&oacute; thể lưu trữ t&agrave;i liệu thuộc nhiều k&iacute;ch cỡ như: A4, A5, F4&hellip; ph&ugrave; hợp với k&iacute;ch cỡ của c&aacute;c loại giấy tờ hiện nay.</p>\r\n\r\n<p>+&nbsp; Giải ph&aacute;p quản l&yacute;, lưu trữ hồ sơ gọn g&agrave;ng, ngăn nắp cho mọi văn ph&ograve;ng.</p>\r\n\r\n<p>+&nbsp; B&igrave;a m&agrave;u xanh đẹp mắt, dễ ph&acirc;n loại t&agrave;i liệu trong doanh nghiệp.</p>\r\n\r\n<p>&nbsp;</p>\r\n', 50, 2, 20000, 0, '', 11, '2021-12-20', 0),
(114, 'Mực in Brother BT 6000BK', '20211221042603muc_in_4.jpg', '', '<p><strong>M&ocirc; tả</strong></p>\r\n\r\n<p>- Độ trong suốt cao, c&oacute; thể photo trực tiếp</p>\r\n\r\n<p>- Sản phẩm c&oacute; thiết kế lỗ đục</p>\r\n\r\n<p>- Gi&uacute;p gắn v&agrave;o c&aacute;c loại b&igrave;a cứng một c&aacute;ch nhanh ch&oacute;ng</p>\r\n\r\n<p>- Th&ocirc;ng dụng, tiện lợi, dễ d&agrave;ng cất trữ c&aacute;c t&agrave;i liệuB&igrave;a Lỗ Double A với k&iacute;ch thước b&igrave;a A4</p>\r\n\r\n<p>- Th&ocirc;ng dụng, tiện lợi, dễ d&agrave;ng cất trữ c&aacute;c t&agrave;i liệu quan trọng.</p>\r\n\r\n<p>- Sản phẩm c&oacute; thiết kế lỗ đục, gi&uacute;p gắn v&agrave;o c&aacute;c loại b&igrave;a cứng một c&aacute;ch nhanh ch&oacute;ng&nbsp;&nbsp;</p>\r\n\r\n<p>&ndash; Loại b&igrave;a mặt ngo&agrave;i l&agrave; simili cao cấp, mặt trong phủ m&agrave;ng giấy gi&uacute;p tăng t&iacute;nh bền chắc v&agrave; kh&ocirc;ng g&acirc;y trơn trượt.</p>\r\n\r\n<p>- B&igrave;a c&aacute;n m&eacute;p bền, &iacute;t bị cong v&ecirc;nh trong thời gian d&agrave;i sử dụng. Kh&oacute;a v&agrave; thanh kẹp giấy bằng th&eacute;p chắc chắn, c&oacute; lớp mạ chống oxi h&oacute;a, dễ th&aacute;o v&agrave; đ&oacute;ng.</p>\r\n\r\n<p><br />\r\n<strong>T&iacute;nh ứng dụng:</strong></p>\r\n\r\n<p>+&nbsp; Giải ph&aacute;p quản l&yacute;, lưu trữ hồ sơ từ h&atilde;ng VPP uy t&iacute;n Nhật Bản.</p>\r\n\r\n<p>+&nbsp; Độ d&agrave;y g&aacute;y b&igrave;a l&agrave; 50mm tức 5 ph&acirc;n, khả năng chứa tối đa 500 tờ t&agrave;i liệu.</p>\r\n\r\n<p>+&nbsp; B&igrave;a F4 c&oacute; thể lưu trữ t&agrave;i liệu thuộc nhiều k&iacute;ch cỡ như: A4, A5, F4&hellip; ph&ugrave; hợp với k&iacute;ch cỡ của c&aacute;c loại giấy tờ hiện nay.</p>\r\n\r\n<p>+&nbsp; Giải ph&aacute;p quản l&yacute;, lưu trữ hồ sơ gọn g&agrave;ng, ngăn nắp cho mọi văn ph&ograve;ng.</p>\r\n\r\n<p>+&nbsp; B&igrave;a m&agrave;u xanh đẹp mắt, dễ ph&acirc;n loại t&agrave;i liệu trong doanh nghiệp.</p>\r\n\r\n<p>&nbsp;</p>\r\n', 50, 0, 21000, 0, '', 11, '2021-12-20', 0),
(115, 'GIẤY THAN GSTAR ẤN ĐỘ', '20211221042631do_dung_khac_1.jpg', '', '<p><strong>M&ocirc; tả</strong></p>\r\n\r\n<p>- Độ trong suốt cao, c&oacute; thể photo trực tiếp</p>\r\n\r\n<p>- Sản phẩm c&oacute; thiết kế lỗ đục</p>\r\n\r\n<p>- Gi&uacute;p gắn v&agrave;o c&aacute;c loại b&igrave;a cứng một c&aacute;ch nhanh ch&oacute;ng</p>\r\n\r\n<p>- Th&ocirc;ng dụng, tiện lợi, dễ d&agrave;ng cất trữ c&aacute;c t&agrave;i liệuB&igrave;a Lỗ Double A với k&iacute;ch thước b&igrave;a A4</p>\r\n\r\n<p>- Th&ocirc;ng dụng, tiện lợi, dễ d&agrave;ng cất trữ c&aacute;c t&agrave;i liệu quan trọng.</p>\r\n\r\n<p>- Sản phẩm c&oacute; thiết kế lỗ đục, gi&uacute;p gắn v&agrave;o c&aacute;c loại b&igrave;a cứng một c&aacute;ch nhanh ch&oacute;ng&nbsp;&nbsp;</p>\r\n\r\n<p>&ndash; Loại b&igrave;a mặt ngo&agrave;i l&agrave; simili cao cấp, mặt trong phủ m&agrave;ng giấy gi&uacute;p tăng t&iacute;nh bền chắc v&agrave; kh&ocirc;ng g&acirc;y trơn trượt.</p>\r\n\r\n<p>- B&igrave;a c&aacute;n m&eacute;p bền, &iacute;t bị cong v&ecirc;nh trong thời gian d&agrave;i sử dụng. Kh&oacute;a v&agrave; thanh kẹp giấy bằng th&eacute;p chắc chắn, c&oacute; lớp mạ chống oxi h&oacute;a, dễ th&aacute;o v&agrave; đ&oacute;ng.</p>\r\n\r\n<p><br />\r\n<strong>T&iacute;nh ứng dụng:</strong></p>\r\n\r\n<p>+&nbsp; Giải ph&aacute;p quản l&yacute;, lưu trữ hồ sơ từ h&atilde;ng VPP uy t&iacute;n Nhật Bản.</p>\r\n\r\n<p>+&nbsp; Độ d&agrave;y g&aacute;y b&igrave;a l&agrave; 50mm tức 5 ph&acirc;n, khả năng chứa tối đa 500 tờ t&agrave;i liệu.</p>\r\n\r\n<p>+&nbsp; B&igrave;a F4 c&oacute; thể lưu trữ t&agrave;i liệu thuộc nhiều k&iacute;ch cỡ như: A4, A5, F4&hellip; ph&ugrave; hợp với k&iacute;ch cỡ của c&aacute;c loại giấy tờ hiện nay.</p>\r\n\r\n<p>+&nbsp; Giải ph&aacute;p quản l&yacute;, lưu trữ hồ sơ gọn g&agrave;ng, ngăn nắp cho mọi văn ph&ograve;ng.</p>\r\n\r\n<p>+&nbsp; B&igrave;a m&agrave;u xanh đẹp mắt, dễ ph&acirc;n loại t&agrave;i liệu trong doanh nghiệp.</p>\r\n\r\n<p>&nbsp;</p>\r\n', 50, 0, 21000, 0, '', 20, '2021-12-20', 0),
(116, 'GIẤY IN DOUBLE A A3 80GSM', '20211221042651do_dung_khac_2.jpg', '', '<p><strong>M&ocirc; tả</strong></p>\r\n\r\n<p>- Độ trong suốt cao, c&oacute; thể photo trực tiếp</p>\r\n\r\n<p>- Sản phẩm c&oacute; thiết kế lỗ đục</p>\r\n\r\n<p>- Gi&uacute;p gắn v&agrave;o c&aacute;c loại b&igrave;a cứng một c&aacute;ch nhanh ch&oacute;ng</p>\r\n\r\n<p>- Th&ocirc;ng dụng, tiện lợi, dễ d&agrave;ng cất trữ c&aacute;c t&agrave;i liệuB&igrave;a Lỗ Double A với k&iacute;ch thước b&igrave;a A4</p>\r\n\r\n<p>- Th&ocirc;ng dụng, tiện lợi, dễ d&agrave;ng cất trữ c&aacute;c t&agrave;i liệu quan trọng.</p>\r\n\r\n<p>- Sản phẩm c&oacute; thiết kế lỗ đục, gi&uacute;p gắn v&agrave;o c&aacute;c loại b&igrave;a cứng một c&aacute;ch nhanh ch&oacute;ng&nbsp;&nbsp;</p>\r\n\r\n<p>&ndash; Loại b&igrave;a mặt ngo&agrave;i l&agrave; simili cao cấp, mặt trong phủ m&agrave;ng giấy gi&uacute;p tăng t&iacute;nh bền chắc v&agrave; kh&ocirc;ng g&acirc;y trơn trượt.</p>\r\n\r\n<p>- B&igrave;a c&aacute;n m&eacute;p bền, &iacute;t bị cong v&ecirc;nh trong thời gian d&agrave;i sử dụng. Kh&oacute;a v&agrave; thanh kẹp giấy bằng th&eacute;p chắc chắn, c&oacute; lớp mạ chống oxi h&oacute;a, dễ th&aacute;o v&agrave; đ&oacute;ng.</p>\r\n\r\n<p><br />\r\n<strong>T&iacute;nh ứng dụng:</strong></p>\r\n\r\n<p>+&nbsp; Giải ph&aacute;p quản l&yacute;, lưu trữ hồ sơ từ h&atilde;ng VPP uy t&iacute;n Nhật Bản.</p>\r\n\r\n<p>+&nbsp; Độ d&agrave;y g&aacute;y b&igrave;a l&agrave; 50mm tức 5 ph&acirc;n, khả năng chứa tối đa 500 tờ t&agrave;i liệu.</p>\r\n\r\n<p>+&nbsp; B&igrave;a F4 c&oacute; thể lưu trữ t&agrave;i liệu thuộc nhiều k&iacute;ch cỡ như: A4, A5, F4&hellip; ph&ugrave; hợp với k&iacute;ch cỡ của c&aacute;c loại giấy tờ hiện nay.</p>\r\n\r\n<p>+&nbsp; Giải ph&aacute;p quản l&yacute;, lưu trữ hồ sơ gọn g&agrave;ng, ngăn nắp cho mọi văn ph&ograve;ng.</p>\r\n\r\n<p>+&nbsp; B&igrave;a m&agrave;u xanh đẹp mắt, dễ ph&acirc;n loại t&agrave;i liệu trong doanh nghiệp.</p>\r\n\r\n<p>&nbsp;</p>\r\n', 50, 0, 21000, 0, '', 20, '2021-12-20', 0),
(117, 'MÁY TÍNH CASIO MX 120B', '20211221042713do_dung_khac_3.jpg', '', '<p><strong>M&ocirc; tả</strong></p>\r\n\r\n<p>- Độ trong suốt cao, c&oacute; thể photo trực tiếp</p>\r\n\r\n<p>- Sản phẩm c&oacute; thiết kế lỗ đục</p>\r\n\r\n<p>- Gi&uacute;p gắn v&agrave;o c&aacute;c loại b&igrave;a cứng một c&aacute;ch nhanh ch&oacute;ng</p>\r\n\r\n<p>- Th&ocirc;ng dụng, tiện lợi, dễ d&agrave;ng cất trữ c&aacute;c t&agrave;i liệuB&igrave;a Lỗ Double A với k&iacute;ch thước b&igrave;a A4</p>\r\n\r\n<p>- Th&ocirc;ng dụng, tiện lợi, dễ d&agrave;ng cất trữ c&aacute;c t&agrave;i liệu quan trọng.</p>\r\n\r\n<p>- Sản phẩm c&oacute; thiết kế lỗ đục, gi&uacute;p gắn v&agrave;o c&aacute;c loại b&igrave;a cứng một c&aacute;ch nhanh ch&oacute;ng&nbsp;&nbsp;</p>\r\n\r\n<p>&ndash; Loại b&igrave;a mặt ngo&agrave;i l&agrave; simili cao cấp, mặt trong phủ m&agrave;ng giấy gi&uacute;p tăng t&iacute;nh bền chắc v&agrave; kh&ocirc;ng g&acirc;y trơn trượt.</p>\r\n\r\n<p>- B&igrave;a c&aacute;n m&eacute;p bền, &iacute;t bị cong v&ecirc;nh trong thời gian d&agrave;i sử dụng. Kh&oacute;a v&agrave; thanh kẹp giấy bằng th&eacute;p chắc chắn, c&oacute; lớp mạ chống oxi h&oacute;a, dễ th&aacute;o v&agrave; đ&oacute;ng.</p>\r\n\r\n<p><br />\r\n<strong>T&iacute;nh ứng dụng:</strong></p>\r\n\r\n<p>+&nbsp; Giải ph&aacute;p quản l&yacute;, lưu trữ hồ sơ từ h&atilde;ng VPP uy t&iacute;n Nhật Bản.</p>\r\n\r\n<p>+&nbsp; Độ d&agrave;y g&aacute;y b&igrave;a l&agrave; 50mm tức 5 ph&acirc;n, khả năng chứa tối đa 500 tờ t&agrave;i liệu.</p>\r\n\r\n<p>+&nbsp; B&igrave;a F4 c&oacute; thể lưu trữ t&agrave;i liệu thuộc nhiều k&iacute;ch cỡ như: A4, A5, F4&hellip; ph&ugrave; hợp với k&iacute;ch cỡ của c&aacute;c loại giấy tờ hiện nay.</p>\r\n\r\n<p>+&nbsp; Giải ph&aacute;p quản l&yacute;, lưu trữ hồ sơ gọn g&agrave;ng, ngăn nắp cho mọi văn ph&ograve;ng.</p>\r\n\r\n<p>+&nbsp; B&igrave;a m&agrave;u xanh đẹp mắt, dễ ph&acirc;n loại t&agrave;i liệu trong doanh nghiệp.</p>\r\n\r\n<p>&nbsp;</p>\r\n', 50, 0, 20000, 0, '', 20, '2021-12-20', 0),
(118, 'KHAY DẤU HORSE', '20211221042741do_dung_khac_4.jpg', '', '<p><strong>M&ocirc; tả</strong></p>\r\n\r\n<p>- Độ trong suốt cao, c&oacute; thể photo trực tiếp</p>\r\n\r\n<p>- Sản phẩm c&oacute; thiết kế lỗ đục</p>\r\n\r\n<p>- Gi&uacute;p gắn v&agrave;o c&aacute;c loại b&igrave;a cứng một c&aacute;ch nhanh ch&oacute;ng</p>\r\n\r\n<p>- Th&ocirc;ng dụng, tiện lợi, dễ d&agrave;ng cất trữ c&aacute;c t&agrave;i liệuB&igrave;a Lỗ Double A với k&iacute;ch thước b&igrave;a A4</p>\r\n\r\n<p>- Th&ocirc;ng dụng, tiện lợi, dễ d&agrave;ng cất trữ c&aacute;c t&agrave;i liệu quan trọng.</p>\r\n\r\n<p>- Sản phẩm c&oacute; thiết kế lỗ đục, gi&uacute;p gắn v&agrave;o c&aacute;c loại b&igrave;a cứng một c&aacute;ch nhanh ch&oacute;ng&nbsp;&nbsp;</p>\r\n\r\n<p>&ndash; Loại b&igrave;a mặt ngo&agrave;i l&agrave; simili cao cấp, mặt trong phủ m&agrave;ng giấy gi&uacute;p tăng t&iacute;nh bền chắc v&agrave; kh&ocirc;ng g&acirc;y trơn trượt.</p>\r\n\r\n<p>- B&igrave;a c&aacute;n m&eacute;p bền, &iacute;t bị cong v&ecirc;nh trong thời gian d&agrave;i sử dụng. Kh&oacute;a v&agrave; thanh kẹp giấy bằng th&eacute;p chắc chắn, c&oacute; lớp mạ chống oxi h&oacute;a, dễ th&aacute;o v&agrave; đ&oacute;ng.</p>\r\n\r\n<p><br />\r\n<strong>T&iacute;nh ứng dụng:</strong></p>\r\n\r\n<p>+&nbsp; Giải ph&aacute;p quản l&yacute;, lưu trữ hồ sơ từ h&atilde;ng VPP uy t&iacute;n Nhật Bản.</p>\r\n\r\n<p>+&nbsp; Độ d&agrave;y g&aacute;y b&igrave;a l&agrave; 50mm tức 5 ph&acirc;n, khả năng chứa tối đa 500 tờ t&agrave;i liệu.</p>\r\n\r\n<p>+&nbsp; B&igrave;a F4 c&oacute; thể lưu trữ t&agrave;i liệu thuộc nhiều k&iacute;ch cỡ như: A4, A5, F4&hellip; ph&ugrave; hợp với k&iacute;ch cỡ của c&aacute;c loại giấy tờ hiện nay.</p>\r\n\r\n<p>+&nbsp; Giải ph&aacute;p quản l&yacute;, lưu trữ hồ sơ gọn g&agrave;ng, ngăn nắp cho mọi văn ph&ograve;ng.</p>\r\n\r\n<p>+&nbsp; B&igrave;a m&agrave;u xanh đẹp mắt, dễ ph&acirc;n loại t&agrave;i liệu trong doanh nghiệp.</p>\r\n\r\n<p>&nbsp;</p>\r\n', 50, 3, 16000, 0, '', 20, '2021-12-20', 0);

-- --------------------------------------------------------

--
-- Table structure for table `tintuc`
--

CREATE TABLE `tintuc` (
  `matt` int(11) NOT NULL,
  `tieude` varchar(255) NOT NULL,
  `ndngan` text NOT NULL,
  `noidung` text NOT NULL,
  `hinhanh` varchar(255) NOT NULL,
  `ngaydangtin` date NOT NULL,
  `tacgia` varchar(50) NOT NULL,
  `trangthai` int(11) NOT NULL
) ENGINE=InnoDB DEFAULT CHARSET=utf8;

--
-- Dumping data for table `tintuc`
--

INSERT INTO `tintuc` (`matt`, `tieude`, `ndngan`, `noidung`, `hinhanh`, `ngaydangtin`, `tacgia`, `trangthai`) VALUES
(5, 'CÁC LOẠI GIẤY ĐƯỢC SỬ DỤNG NHIỀU NHẤT', 'Trên thị trường hiện nay có rất nhiều loại giấy được sản xuất ra nhằm đáp ứng nhu cầu riêng phù hợp với đặc thù khách hàng, doanh nghiệp, công việc, nghề nghiệp khác nhau. Với mức độ làm các công việc liên quan đến giấy cao như hiện nay thì việc bạn cần Phân biệt các loại giấy để tránh nhầm lẫn khi sử dụng cũng như mua hàng là điều cần thiết', '<p><a href=\"https://vppminhanh.vn/giay-in-thong-dung\" rel=\"noopener\" style=\"box-sizing: border-box; color: rgb(46, 46, 46); text-decoration-line: none; background-color: transparent; outline: 0px; transition: color 0.14s linear 0s;\" target=\"_blank\" title=\"Giấy in - photo giá rẻ - chất lượng - đủ số lượng tờ \">Giấy</a>&nbsp;c&oacute; rất nhiều loại với h&igrave;nh thức, định lượng v&agrave; t&iacute;nh chất kh&aacute;c nhau t&ugrave;y thuộc v&agrave;o mục đ&iacute;ch sử dụng. H&atilde;y tham khảo c&aacute;c loại giấy th&ocirc;ng dụng hiện nay dưới đ&acirc;y:</p>\r\n\r\n<p>- Giấy in photo:&nbsp;Với c&ocirc;ng nghệ in ấn ng&agrave;y c&agrave;ng ph&aacute;t triển như hiện nay th&igrave; giấy in photo cũng l&agrave; loại giấy được sử dụng nhiều v&agrave; phổ biến. Giấy in photo c&oacute; nhiều k&iacute;ch thước kh&aacute;c nhau như giấy A4, giấy A5, Giấy A3 t&ugrave;y theo mục đ&iacute;ch sử dụng v&agrave; loại m&aacute;y in. Với loại giấy in th&igrave; c&oacute; nhiều đặc t&iacute;nh v&agrave; c&aacute;c c&aacute;ch ph&acirc;n loại kh&aacute;c nhau. Những loại<a href=\"https://vppminhanh.vn/giay-in-thong-dung\" rel=\"noopener\" style=\"box-sizing: border-box; color: rgb(46, 46, 46); text-decoration-line: none; background-color: transparent; outline: 0px; transition: color 0.14s linear 0s;\" target=\"_blank\" title=\"Giấy in giá rẻ - chất lượng tại VPP Minh Anh\">&nbsp;giấy in photo</a>&nbsp;được sử dụng nhiều hiện nay l&agrave; Giấy A4 B&atilde;i bằng, , Giấy A4 Excel 70gsm, Giấy A4 Double A 70gsm, Giấy A4 Delight 70gsm, Giấy A4 Th&aacute;i Lan m&agrave;u 80gsm,...</p>\r\n\r\n<p>&nbsp;</p>\r\n\r\n<p>&nbsp;- Giấy Fort:&nbsp;l&agrave; loại giấy c&oacute; m&agrave;u trắng, thường sử dụng để in, lưu trữ t&agrave;i liệu, scan t&agrave;i liệu h&agrave;ng ng&agrave;y. Loại&nbsp;<a href=\"https://vppminhanh.vn/giay-ford-mau\" rel=\"noopener\" style=\"box-sizing: border-box; color: rgb(46, 46, 46); text-decoration-line: none; outline: 0px; transition: color 0.14s linear 0s; font-family: -apple-system, BlinkMacSystemFont, &quot;Segoe UI&quot;, Roboto, &quot;Helvetica Neue&quot;, Arial, sans-serif, &quot;Apple Color Emoji&quot;, &quot;Segoe UI Emoji&quot;, &quot;Segoe UI Symbol&quot;; font-size: 16px;\" target=\"_blank\" title=\"Giấy Ford màu chất lượng - giấy dày giá rẻ tại vppminhanh.vn\">giấy Fort</a>&nbsp;thường thấy nhất l&agrave; giấy c&oacute; khổ A3, A4, A5 trong c&aacute;c tiệm Photo, c&aacute;c văn ph&ograve;ng, c&ocirc;ng ty, định lượng của loại n&agrave;y thường l&agrave; 70 - 80 - 90 gsm&hellip; Giấy ford c&oacute; bề mặt nh&aacute;m, b&aacute;m mực tốt, thường được d&ugrave;ng l&agrave;m giấy in photo, giấy in li&ecirc;n tục, giấy Note, letter head, h&oacute;a đơn, tập học sinh&hellip;</p>\r\n\r\n<p>- Giấy Couche:&nbsp;L&agrave; loại giấy d&agrave;y hơn&nbsp;<a href=\"https://vppminhanh.vn/giay-ford-mau\" rel=\"noopener\" style=\"box-sizing: border-box; color: rgb(46, 46, 46); text-decoration-line: none; outline: 0px; transition: color 0.14s linear 0s; font-family: -apple-system, BlinkMacSystemFont, &quot;Segoe UI&quot;, Roboto, &quot;Helvetica Neue&quot;, Arial, sans-serif, &quot;Apple Color Emoji&quot;, &quot;Segoe UI Emoji&quot;, &quot;Segoe UI Symbol&quot;; font-size: 16px;\" target=\"_blank\" title=\"Giấy Ford màu chất lượng - giấy dày giá rẻ tại vppminhanh.vn\">giấy Fort</a>, c&oacute; độ l&aacute;ng mịn, độ tương phản m&agrave;u sắc tốt.&nbsp; Thường d&ugrave;ng để in tờ rơi quảng c&aacute;o, in catalogue, tạp ch&iacute;, in poster, in brochure, giấy b&igrave;a&hellip; Định lượng v&agrave;o khoảng 90-300g/m2. Ngo&agrave;i ra c&ograve;n c&oacute; Couche matt bề mặt mờ, kh&ocirc;ng b&oacute;ng nhưng bề mặt nhẵn mịn thướng để in h&igrave;nh ảnh người, ch&acirc;n dung cho hiệu ứng cao.</p>\r\n\r\n<p>&nbsp;- Giấy Bristol:&nbsp;Th&iacute;ch hợp l&agrave;m b&igrave;a b&ecirc;n ngo&agrave;i hoặc ấn phẩm cần độ cứng c&aacute;p như thiệp, folder,&hellip; c&oacute; bề mặt hơi b&oacute;ng, mịn, b&aacute;m mực tốt vừa phải, thường d&ugrave;ng in hộp x&agrave; b&ocirc;ng, mỹ phẩm, dược phẩm, b&igrave;a sơ mi, brochure, card, tờ rơi, poster , thiệp cưới, thiệp mời,&hellip; định lượng thường thấy ở mức 230 &ndash; 350 gsm.</p>\r\n\r\n<p>&nbsp;</p>\r\n\r\n<p>- Giấy Duplex:&nbsp;c&oacute; bề mặt trắng v&agrave; l&aacute;n gần gần với Bristol, mặt kia thường sẫm như giấy bồi. Thường d&ugrave;ng in c&aacute;c hộp sản phẩm k&iacute;ch thước hơi lớn, cần c&oacute; độ cứng, chắc chắn v&igrave; định lượng thường tr&ecirc;n 300g/m2 (1 mặt hoặc 2 mặt: tr&aacute;ng 1 mặt hay 2 mặt): kh&ocirc;ng &ldquo;ăn mực&rdquo; (m&agrave;u sắc thể hiện kh&ocirc;ng đẹp, r&otilde; n&eacute;t) cứng. Duplex th&iacute;ch hợp cho việc l&agrave;m bao b&igrave;.</p>\r\n\r\n<p>&nbsp;- Decal:&nbsp;Decal thường c&oacute; 2 mặt 1 mặt d&ugrave;ng để in họa tiết,&nbsp; mặt kia phủ keo. Kh&ocirc;ng &ldquo;ăn mực&rdquo;. N&ecirc;n c&aacute;n m&agrave;ng b&oacute;ng để tăng tone m&agrave;u v&agrave; bảo vệ lớp mực.</p>\r\n\r\n<p>ham khảo một số loại văn ph&ograve;ng phẩm giấy được c&aacute;c văn ph&ograve;ng c&ocirc;ng ty ưa chuộng hiện nay</p>\r\n\r\n<p>&nbsp;- Giấy in photo:&nbsp;Với c&ocirc;ng nghệ in ấn ng&agrave;y c&agrave;ng ph&aacute;t triển như hiện nay th&igrave; giấy in photo cũng l&agrave; loại giấy được sử dụng nhiều v&agrave; phổ biến. Giấy in photo c&oacute; nhiều k&iacute;ch thước kh&aacute;c nhau như giấy A4, giấy A5, Giấy A3 t&ugrave;y theo mục đ&iacute;ch sử dụng v&agrave; loại m&aacute;y in. Với loại giấy in th&igrave; c&oacute; nhiều đặc t&iacute;nh v&agrave; c&aacute;c c&aacute;ch ph&acirc;n loại kh&aacute;c nhau. Những loại&nbsp;giấy in photo&nbsp;được sử dụng nhiều hiện nay l&agrave; Giấy A4 B&atilde;i bằng v&agrave;ng, Giấy A4 Delight 70gsm, Giấy A4 Excel 70gsm, Giấy A4 Double A 70gsm, Giấy A4 Th&aacute;i Lan m&agrave;u 80gsm,...</p>\r\n\r\n<p>-&nbsp;Giấy note - ph&acirc;n trang: Đ&acirc;y l&agrave; loại giấy kh&ocirc;ng hề xa lạ tại c&aacute;c cơ quan, c&ocirc;ng ty, doanh nghiệp v&agrave; cả trường học.&nbsp;<a href=\"https://vppminhanh.vn/giay-note\" rel=\"noopener\" style=\"box-sizing: border-box; color: rgb(46, 46, 46); text-decoration-line: none; background-color: transparent; outline: 0px; transition: color 0.14s linear 0s;\" target=\"_blank\" title=\"Giấy ghi chú - giấy Note giá rẻ độ dính cao \">Giấy note</a>&nbsp;gi&uacute;p ch&uacute;ng ta ghi ch&uacute; c&aacute;c sự kiện, đ&aacute;nh dấu trang đ&atilde; đọc, d&ugrave;ng ghi ch&eacute;p nhanh v&agrave; lưu giữ những điều cần ghi nhớ phục vụ nhu cầu l&agrave;m việc cũng như học tập của ch&uacute;ng ta. C&aacute;c sản phẩm giấy note th&ocirc;ng dụng hiện nay Giấy note 5 m&agrave;u 3*3, Giấy note 5 m&agrave;u giấy Pronoti, Giấy note 4 m&agrave;u dạ quang,...</p>\r\n', '2021122108312620140520083812image-1400541884-image-.jpg', '2021-05-20', 'TuTu', 0),
(6, 'Mẹo sử dụng và tiết kiệm \" văn Phòng Phẩm\" hợp lý nhất.', ' Có nhiều cách để đạt được điều này không phải bằng cách giảm mua sắm vật dụng cho công ty, nhưng bằng cách giảm lãng phí, lạm dụng vật tư văn phòng và văn phòng phẩm, Nếu không tìm cách tối ưu sử dụng văn phòng phẩm sẽ làm tăng chi phí của công ty trong suốt thời gian hoạt động.', '<p>Văn ph&ograve;ng phẩm l&agrave; thứ thường xuy&ecirc;n bị l&atilde;ng ph&iacute; nhất. Cho n&ecirc;n cần c&oacute; một vị quản l&yacute; vật tư văn ph&ograve;ng v&agrave; văn ph&ograve;ng phẩm đảm bảo rằng ch&uacute;ng kh&ocirc;ng bị lạm dụng.<br />\r\nCh&uacute;ng ta c&oacute; thể tham khảo một v&agrave;i mẹo nhỏ dưới đ&acirc;y c&ugrave;ng Vpp Minh Anh để phần n&agrave;o tiết kiệm được chi ph&iacute; sử dụng hợp l&yacute; nhất</p>\r\n\r\n<p>1. Đưa ra định mức sử dụng</p>\r\n\r\n<p>Mỗi loại văn ph&ograve;ng phẩm phải c&oacute; định mức sử dụng v&agrave; bộ phận h&agrave;nh ch&iacute;nh lập định mức sử dụng cho từng ph&ograve;ng ban v&agrave; cấp ph&aacute;t theo số lượng đ&oacute;. H&agrave;ng qu&yacute;, ph&ograve;ng h&agrave;nh ch&iacute;nh n&ecirc;n r&agrave; so&aacute;t lại định mức sử dụng văn ph&ograve;ng phẩm v&agrave; bổ sung cho ph&ugrave; hợp.</p>\r\n\r\n<p>Bạn h&atilde;y lu&ocirc;n gi&aacute;m s&aacute;t danh s&aacute;ch c&aacute;c đồ d&ugrave;ng văn ph&ograve;ng phẩm của c&ocirc;ng ty để đặt mua kịp thời. B&ecirc;n cạnh đ&oacute;, bạn c&oacute; thể kiểm tra xem c&oacute; nh&acirc;n vi&ecirc;n n&agrave;o tự &yacute; mang đồ d&ugrave;ng văn ph&ograve;ng phẩm của c&ocirc;ng ty về nh&agrave; hay kh&ocirc;ng.</p>\r\n\r\n<p>2. Căn cứ v&agrave;o nhu cầu của mỗi ph&ograve;ng, mỗi bộ phận</p>\r\n\r\n<p>Trước khi định mua đồ d&ugrave;ng văn ph&ograve;ng phẩm cho c&ocirc;ng ty, bạn h&atilde;y tập hợp nhu cầu văn ph&ograve;ng phẩm của mỗi ph&ograve;ng ban, bộ phận rồi l&ecirc;n danh s&aacute;ch những thứ cần mua. C&aacute;ch l&agrave;m n&agrave;y gi&uacute;p bạn kiểm so&aacute;t số lượng, chủng loại c&aacute;c đồ d&ugrave;ng cần đặt mua, tr&aacute;nh việc mua vật dụng văn ph&ograve;ng phẩm n&agrave;y qu&aacute; nhiều hay qu&aacute; &iacute;t g&acirc;y l&atilde;ng ph&iacute;. Nhờ đ&oacute;, bạn c&ograve;n c&oacute; thể t&iacute;nh to&aacute;n trước chi ph&iacute; mua sắm gi&uacute;p&nbsp;<a href=\"https://vppminhanh.vn/tin-tuc-va-khuyen-mai/meo-su-dung-va-tiet-kiem-van-phong-pham-hop-ly-nhat\" style=\"box-sizing: border-box; color: rgb(46, 46, 46); text-decoration-line: none; background-color: transparent; outline: 0px; transition: color 0.14s linear 0s;\" title=\"sử dụng văn phòng phẩm hiệu quả\">sử dụng văn ph&ograve;ng phẩm hiệu quả</a><a href=\"https://vppminhanh.vn/tin-tuc-va-khuyen-mai/10-cach-mac-chan-vay-but-chi-dep-xuat-sac\" style=\"box-sizing: border-box; color: rgb(46, 46, 46); text-decoration-line: none; background-color: transparent; outline: 0px; transition: color 0.14s linear 0s;\" title=\"sử dụng văn phòng phẩm hiệu quả\">.</a></p>\r\n\r\n<p>3. Chọn văn ph&ograve;ng phẩm chất lượng</p>\r\n\r\n<p>Đối với một m&oacute;n văn ph&ograve;ng phẩm, cũng c&oacute; rất nhiều chủng loại, chất lượng từ thượng v&agrave;ng đến hạ c&aacute;m. Thường th&igrave; m&oacute;n h&agrave;ng rao b&aacute;n được quảng c&aacute;o đ&uacute;ng t&ecirc;n gọi, chất lượng c&oacute; thương hiệu với gi&aacute; si&ecirc;u rẻ trong bảng b&aacute;o gi&aacute;. Tuy nhi&ecirc;n khi thực tế giao h&agrave;ng, kh&aacute;ch h&agrave;ng lại nhận được m&oacute;n h&agrave;ng văn ph&ograve;ng phẩm tương tự nhưng k&eacute;m chất lượng, sử dụng kh&ocirc;ng được như &yacute; v&agrave; ch&uacute;ng mau ch&oacute;ng hỏng trong thời gian ngắn.</p>\r\n\r\n<p>Như vậy, chi ph&iacute; cho việc mua đi mua lại c&aacute;c m&oacute;n văn ph&ograve;ng phẩm gi&aacute; rẻ nhưng chất lượng k&eacute;m c&ograve;n hao ph&iacute; nhiều hơn so với việc mua hẳn một sản phẩm văn ph&ograve;ng phẩm ch&iacute;nh h&atilde;ng chất lượng tốt của c&aacute;c h&atilde;ng lớn trong nước như Thi&ecirc;n Long, thương hiệu Flexoffice&hellip; với mức gi&aacute; tốt. Việc ra sức tiết kiệm chi ph&iacute; văn ph&ograve;ng phẩm lại trở th&agrave;nh g&aacute;nh nặng chi ph&iacute; hơn cho doanh nghiệp khi gặp phải mu&ocirc;n v&agrave;n chi&ecirc;u thức tiếp thị ch&egrave;o k&eacute;o, gạt gẫm kh&aacute;ch h&agrave;ng của c&aacute;c cơ sở cung cấp văn ph&ograve;ng phẩm si&ecirc;u rẻ, hoạt động nhỏ lẻ, chắp v&aacute;&hellip;</p>\r\n\r\n<p>4. Dự trữ văn ph&ograve;ng phẩm ở một nơi nhất định</p>\r\n\r\n<p>Đồ d&ugrave;ng văn ph&ograve;ng phẩm, vật tư văn ph&ograve;ng cần được đặt ở một ph&ograve;ng nhất định, gi&uacute;p việc ph&acirc;n bổ v&agrave; gi&aacute;m s&aacute;t dễ d&agrave;ng. Bạn n&ecirc;n thường xuy&ecirc;n gi&aacute;m s&aacute;t số lượng c&ograve;n trong kho để biết c&aacute;c nh&acirc;n vi&ecirc;n trong c&ocirc;ng ty c&oacute; sử dụng l&atilde;ng ph&iacute; hay kh&ocirc;ng cũng như biết ph&ograve;ng ban n&agrave;o sắp hết để cấp ph&aacute;t, thu mua kịp thời, phục vụ nhu cầu c&ocirc;ng việc của c&aacute;c nh&acirc;n vi&ecirc;n.</p>\r\n\r\n<p>5. T&aacute;i sử dụng khi c&oacute; thể</p>\r\n\r\n<p>Rất nhiều đồ d&ugrave;ng văn ph&ograve;ng phẩm c&oacute; thể t&aacute;i sử dụng để tiết kiệm chi ph&iacute;, bảo vệ m&ocirc;i trường. Với c&aacute;c loại giấy in, ch&uacute;ng ta c&oacute; thể tận dụng lại c&aacute;c tờ giấy c&ograve;n trắng một mặt để l&agrave;m giấy nh&aacute;p, in t&agrave;i liệu kh&ocirc;ng quan trọng, t&agrave;i liệu nội bộ. C&ocirc;ng ty c&oacute; thể đặt th&ugrave;ng giấy t&aacute;i chế ở gần chỗ ngồi của c&aacute;c nh&acirc;n vi&ecirc;n, gần m&aacute;y in, m&aacute;y photocopy&hellip;</p>\r\n\r\n<p>B&ecirc;n cạnh đ&oacute;, c&aacute;c nh&acirc;n vi&ecirc;n c&oacute; thể chia sẻ những vật dụng m&igrave;nh kh&ocirc;ng d&ugrave;ng đến cho người kh&aacute;c như: kẹp ghim, kẹp bướm, giấy note, b&uacute;t nhớ, cặp t&agrave;i liệu&hellip; C&aacute;ch l&agrave;m n&agrave;y gi&uacute;p tận dụng tối đa c&ocirc;ng năng củavăn ph&ograve;ng phẩm v&agrave; giảm chi ph&iacute; mua sắm mới khi chưa cần thiết.</p>\r\n', '2021122108285520140520083934image-1400486083-Xperia-Z2-kinh-ram.jpg', '2021-05-20', 'TenTen', 0),
(7, 'NGUỒN GỐC LỊCH SỬ RA ĐỜI VÀ CẤU TẠO CỦA BÚT BI ?', ' Trong cuộc sống hằng ngày của mỗi người thì chiếc bút bi đóng một vai trò vô cùng quan trọng. Chắc hẳn rằng, từ các bé học sinh, cho đến các doanh nhân, bác sĩ hay đến cả những người lớn tuổi,… đều đã từng hoặc đang sử dụng các dòng bút bi vô cùng hữu ích này', '<h2>Sự ra đời của b&uacute;t bi như thế n&agrave;o?</h2>\r\n\r\n<p>&nbsp; - Thi&ecirc;n t&agrave;i của Hoa Kỳ - John Loud l&agrave; người đ&atilde; tạo ra những chiếc&nbsp;<a href=\"https://vppminhanh.vn/but-viet-van-phong\" rel=\"noopener\" style=\"box-sizing: border-box; color: rgb(46, 46, 46); text-decoration-line: none; background-color: transparent; outline: 0px; transition: color 0.14s linear 0s;\" target=\"_blank\" title=\"Bút bi Thiên Long giá rẻ - Bút viết văn phòng | vppminhanh\">b&uacute;t bi&nbsp;</a>đ&acirc;u ti&ecirc;n tr&ecirc;n to&agrave;n thế giới. V&agrave;o năm 1888, bằng s&aacute;ng chế đ&atilde; được trao cho thi&ecirc;n t&agrave;i Mỹ n&agrave;y. Song, bởi v&igrave; b&uacute;t mũi kim vẫn c&ograve;n mang danh hiệu &ldquo;vua b&uacute;t&rdquo; ở thời bấy giờ n&ecirc;n những chiếc b&uacute;t bi n&agrave;y kh&ocirc;ng được khai th&aacute;c tốt về mặt kinh tế.</p>\r\n\r\n<p>- Bẵng đi một khoảng thời gian th&igrave; từ năm 1930 đến 1938, &ocirc;ng L&aacute;szl&oacute; B&iacute;r&oacute; (người n&agrave;y l&agrave; cộng t&aacute;c vi&ecirc;n của 1 tờ b&aacute;o ở Hungary) đ&atilde; tạo ra một chiếc b&uacute;t bi m&agrave; n&oacute; rất giống với c&aacute;c loại b&uacute;t bi m&agrave; ch&uacute;ng ta hiện đang d&ugrave;ng.</p>\r\n\r\n<p>Động lực để L&aacute;szl&oacute; B&iacute;r&oacute; tạo ra&nbsp;b&uacute;t bi&nbsp;l&agrave; do những d&ograve;ng b&uacute;t m&aacute;y l&uacute;c ấy c&oacute; ng&ograve;i qu&aacute; nhọn n&ecirc;n rất dễ l&agrave;m r&aacute;ch&nbsp;<a href=\"https://vppminhanh.vn/giay-in-thong-dung\" rel=\"noopener\" style=\"box-sizing: border-box; color: rgb(46, 46, 46); text-decoration-line: none; background-color: transparent; outline: 0px; transition: color 0.14s linear 0s;\" target=\"_blank\" title=\"Giấy in giá rẻ - văn phòng phẩm quận Bình Thạnh\">giấy</a>, v&agrave; nguy&ecirc;n do kh&aacute;c l&agrave; do mực của b&uacute;t thường xuy&ecirc;n l&agrave;m lem v&agrave; dơ giấy. V&agrave; thế l&agrave; người đ&agrave;n &ocirc;ng n&agrave;y đ&atilde; quyết t&acirc;m tạo ra một loại b&uacute;t mới nhằm khắc phục được những vấn đề &ldquo;kh&oacute; khăn&rdquo; tr&ecirc;n.</p>\r\n\r\n<p>Cũng giống như bao thi&ecirc;n t&agrave;i kh&aacute;c - lu&ocirc;n ph&aacute;t hiện ra những điều mới lạ trong những điều giản dị nhất. V&agrave;o một ng&agrave;y, L&aacute;szl&oacute; B&iacute;r&oacute; ra c&ocirc;ng vi&ecirc;n, t&igrave;nh cờ &ocirc;ng thấy một nh&oacute;m trẻ nhỏ chơi bắn bi v&agrave; một trong c&aacute;c vi&ecirc;n bi ấy lăn qua vũng nước rồi lưu lại 1 vạch d&agrave;i.</p>\r\n\r\n<p>Sau đ&oacute; &iacute;t l&acirc;u, trong một dịp &ocirc;ng đến xưởng in để quan, với con mắt tinh tường th&igrave; L&aacute;szl&oacute; B&iacute;r&oacute; thấy rằng mực được in tr&ecirc;n b&aacute;o rất mau kh&ocirc; v&agrave; kh&ocirc;ng đề để lại c&aacute;c vết loang lổ tr&ecirc;n giấy. V&agrave; thế l&agrave;, một &yacute; tưởng tuyệt vời cũng tương tự như sự kiện &ldquo;t&aacute;o rơi tr&uacute;ng đầu&rdquo; đ&atilde; ra đời.</p>\r\n\r\n<h2><a href=\"https://vppminhanh.vn/tin-tuc/nguon-goc-lich-su-ra-doi-va-cau-tao-cua-but-bi\" rel=\"noopener\" style=\"box-sizing: border-box; color: rgb(46, 46, 46); text-decoration-line: none; background-color: transparent; outline: 0px; transition: color 0.14s linear 0s;\" target=\"_blank\">Cấu tạo sơ khai của b&uacute;t bi ra sao?</a></h2>\r\n\r\n<p>&Yacute; tưởng đ&atilde; c&oacute;, l&uacute;c n&agrave;y, L&aacute;szl&oacute; B&iacute;r&oacute; lao đầu v&agrave;o c&ocirc;ng cuộc thiết kế một d&ograve;ng sản phẩm b&uacute;t mới. Người đ&agrave;n &ocirc;ng n&agrave;y bắt đầu gắn 1 vi&ecirc;n bi nhỏ v&agrave;o ng&ograve;i b&uacute;t, đồng thời tạo n&ecirc;n 1 r&atilde;nh tr&ograve;n tại đ&oacute; nhằm cố định vi&ecirc;n bi (tuy nhi&ecirc;n, vẫn cho vi&ecirc;n bi c&oacute; khả năng xoay tr&ograve;n).</p>\r\n\r\n<p>Việc tạo th&agrave;nh sản phẩm tuyệt vời n&agrave;y cũng kh&ocirc;ng thể thiếu &ldquo;b&agrave;n tay&rdquo; của George (đ&acirc;y l&agrave; anh ruột của L&aacute;szl&oacute; B&iacute;r&oacute; v&agrave; cũng l&agrave; 1 kĩ sư ng&agrave;nh h&oacute;a học cực giỏi). George đ&atilde; chế tạo th&agrave;nh c&ocirc;ng loại mực tương th&iacute;ch với sản phẩm m&agrave; em trai m&igrave;nh thiết kế.</p>\r\n\r\n<p>&nbsp; &nbsp; &nbsp; Kh&ocirc; rất nhanh ch&iacute;nh l&agrave; ưu điểm của loại mực n&agrave;y. Nhằm ph&ugrave; hợp với tốc độ lăn của bi v&agrave; cũng đảm bảo kh&ocirc;ng để lại những vết mực loang lổ tr&ecirc;n giấy m&agrave; độ đặc của mực đ&atilde; được nghi&ecirc;n cứu kĩ lưỡng. Khi m&agrave; vi&ecirc;n bi ở ng&ograve;i b&uacute;t bắt đầu lăn th&igrave; sẽ k&eacute;o theo mực chạy từ ổng chứa v&agrave; in l&ecirc;n mặt giấy.</p>\r\n\r\n<p>&nbsp; &nbsp; &nbsp;V&agrave; thế l&agrave; chiếc&nbsp;<a href=\"https://vppminhanh.vn/hop-cam-but\" style=\"box-sizing: border-box; color: rgb(46, 46, 46); text-decoration-line: none; background-color: transparent; outline: 0px; transition: color 0.14s linear 0s;\">b&uacute;t bi</a>&nbsp;hiện đại đ&atilde; lần đầu ti&ecirc;n c&oacute; mặt tr&ecirc;n &ldquo;c&otilde;i đời&rdquo;. Hội đồng Anh Quốc đ&atilde; vinh danh cũng như trao bằng s&aacute;ng chế cho L&aacute;szl&oacute; B&iacute;r&oacute; v&agrave;o năm 1938. Một thời gian ngắn sau đ&oacute;, George (anh trai của L&aacute;szl&oacute; B&iacute;r&oacute;) với mẫu b&uacute;t bi B&iacute;r&oacute; Pens of Argentina cũng được nhận bằng s&aacute;ng chế của Argentina.</p>\r\n\r\n<h3>&nbsp; &nbsp;B&uacute;t bi hiện đại c&oacute; cải tiến g&igrave;?</h3>\r\n\r\n<p>&nbsp; &nbsp; Nhằm đ&aacute;p ứng nhu cầu sử dụng của người ti&ecirc;u d&ugrave;ng m&agrave; rất nhiều thương hiệu&nbsp;b&uacute;t bi&nbsp;đ&atilde; được th&agrave;nh lập c&ugrave;ng với những cải tiến v&ocirc; c&ugrave;ng s&aacute;ng tạo v&agrave; cuốn h&uacute;t. Từ những m&agrave;u mực đơn giản như: đỏ, cam, t&iacute;m, xanh dương cho đến những m&agrave;u mực c&oacute; kim tuyến hay &aacute;nh kim bắt mắt.</p>\r\n\r\n<p>&nbsp;</p>\r\n\r\n<p>Khi đề cập đến sự hữu dụng của b&uacute;t bi th&igrave; kh&ocirc;ng c&oacute; g&igrave; phải b&agrave;n c&atilde;i nữa. Nhiều thương hiệu, tập đo&agrave;n đ&atilde; in logo, t&ecirc;n của m&igrave;nh l&ecirc;n tr&ecirc;n b&uacute;t để phục vụ cho c&aacute;c chiến lược quảng c&aacute;o độc đ&aacute;o, mới lạ. H&igrave;nh thức n&agrave;y l&agrave; cực k&igrave; hiệu quả v&igrave; c&oacute; rất nhiều người sử dụng b&uacute;t bi &ndash; &ldquo;1 người d&ugrave;ng th&igrave; sẽ c&oacute; hơn 10 người biết&rdquo;</p>\r\n\r\n<p>&nbsp; &nbsp; &nbsp; &nbsp;Việc sử dụng b&uacute;t bi l&agrave;m qu&agrave; tặng cũng được c&aacute;ch điệu rất nhiều nhằm tạo hiệu quả cho quảng c&aacute;o. V&agrave; từ đ&oacute;, những chiếc&nbsp;b&uacute;t gỗ&nbsp;tinh tế v&agrave; sang trọng đ&atilde; ra đời (phần th&acirc;n với chất liệu gỗ cổ điển). Những phụ kiện trang tr&iacute; đi k&egrave;m như: d&acirc;y đeo,&nbsp;<a href=\"https://vppminhanh.vn/hop-cam-but\" rel=\"noopener\" style=\"box-sizing: border-box; color: rgb(46, 46, 46); text-decoration-line: none; background-color: transparent; outline: 0px; transition: color 0.14s linear 0s;\" target=\"_blank\" title=\"hộp bút\">hộp b&uacute;t,</a>&hellip; cũng thừa dịp n&agrave;y m&agrave; ph&aacute;t triển rất nhiều, gi&uacute;p cho những chiếc b&uacute;t qu&agrave; tặng v&igrave; vậy m&agrave; th&ecirc;m phần &yacute; nghĩa.</p>\r\n\r\n<p>&nbsp; &nbsp; &nbsp; &nbsp; Mong rằng b&agrave;i viết về sự ra đời v&agrave; cấu tạo của&nbsp;b&uacute;t bi&nbsp;n&agrave;y sẽ gi&uacute;p bạn hiểu th&ecirc;m về chiếc b&uacute;t bi &ndash; vật dụng rất phổ biến trong đời sống hằng ng&agrave;y của ch&uacute;ng ta.</p>\r\n', '2021122108263420140520084020image-1400472196-LG-G3-2.jpg', '2021-05-20', 'TonTon', 0);

--
-- Indexes for dumped tables
--

--
-- Indexes for table `binhluan`
--
ALTER TABLE `binhluan`
  ADD PRIMARY KEY (`idbl`);

--
-- Indexes for table `chitiethoadon`
--
ALTER TABLE `chitiethoadon`
  ADD PRIMARY KEY (`id_hdct`);

--
-- Indexes for table `danhmuc`
--
ALTER TABLE `danhmuc`
  ADD PRIMARY KEY (`madm`);

--
-- Indexes for table `hoadon`
--
ALTER TABLE `hoadon`
  ADD PRIMARY KEY (`mahd`);

--
-- Indexes for table `hotro`
--
ALTER TABLE `hotro`
  ADD PRIMARY KEY (`idht`);

--
-- Indexes for table `nguoidung`
--
ALTER TABLE `nguoidung`
  ADD PRIMARY KEY (`idnd`);

--
-- Indexes for table `nhasx`
--
ALTER TABLE `nhasx`
  ADD PRIMARY KEY (`idnsx`);

--
-- Indexes for table `sanpham`
--
ALTER TABLE `sanpham`
  ADD PRIMARY KEY (`idsp`);

--
-- Indexes for table `tintuc`
--
ALTER TABLE `tintuc`
  ADD PRIMARY KEY (`matt`);

--
-- AUTO_INCREMENT for dumped tables
--

--
-- AUTO_INCREMENT for table `binhluan`
--
ALTER TABLE `binhluan`
  MODIFY `idbl` int(11) NOT NULL AUTO_INCREMENT, AUTO_INCREMENT=19;

--
-- AUTO_INCREMENT for table `chitiethoadon`
--
ALTER TABLE `chitiethoadon`
  MODIFY `id_hdct` int(10) NOT NULL AUTO_INCREMENT, AUTO_INCREMENT=23;

--
-- AUTO_INCREMENT for table `danhmuc`
--
ALTER TABLE `danhmuc`
  MODIFY `madm` int(11) NOT NULL AUTO_INCREMENT, AUTO_INCREMENT=21;

--
-- AUTO_INCREMENT for table `hoadon`
--
ALTER TABLE `hoadon`
  MODIFY `mahd` int(11) NOT NULL AUTO_INCREMENT, AUTO_INCREMENT=44;

--
-- AUTO_INCREMENT for table `hotro`
--
ALTER TABLE `hotro`
  MODIFY `idht` int(11) NOT NULL AUTO_INCREMENT, AUTO_INCREMENT=6;

--
-- AUTO_INCREMENT for table `nguoidung`
--
ALTER TABLE `nguoidung`
  MODIFY `idnd` int(11) NOT NULL AUTO_INCREMENT, AUTO_INCREMENT=19;

--
-- AUTO_INCREMENT for table `nhasx`
--
ALTER TABLE `nhasx`
  MODIFY `idnsx` int(11) NOT NULL AUTO_INCREMENT;

--
-- AUTO_INCREMENT for table `sanpham`
--
ALTER TABLE `sanpham`
  MODIFY `idsp` int(11) NOT NULL AUTO_INCREMENT, AUTO_INCREMENT=119;

--
-- AUTO_INCREMENT for table `tintuc`
--
ALTER TABLE `tintuc`
  MODIFY `matt` int(11) NOT NULL AUTO_INCREMENT, AUTO_INCREMENT=8;
COMMIT;

/*!40101 SET CHARACTER_SET_CLIENT=@OLD_CHARACTER_SET_CLIENT */;
/*!40101 SET CHARACTER_SET_RESULTS=@OLD_CHARACTER_SET_RESULTS */;
/*!40101 SET COLLATION_CONNECTION=@OLD_COLLATION_CONNECTION */;
